{
  "taxinet": {
    "no_shield": {
      "n_steps": 300,
      "mean_ms": 0.00011025617520014445,
      "std_ms": 7.44452599366652e-05,
      "min_ms": 8.754432201385498e-05,
      "p50_ms": 0.00010058283805847168,
      "p95_ms": 0.00011930242180824282,
      "p99_ms": 0.00023914501070976192,
      "max_ms": 0.0011809170246124268
    },
    "observation": {
      "n_steps": 300,
      "mean_ms": 0.001619371275107066,
      "std_ms": 0.0008417771779660317,
      "min_ms": 0.0013820827007293701,
      "p50_ms": 0.0015124678611755371,
      "p95_ms": 0.0016742385923862462,
      "p99_ms": 0.005611777305603018,
      "max_ms": 0.013198703527450562
    },
    "single_belief": {
      "n_steps": 300,
      "mean_ms": 0.009566086033980051,
      "std_ms": 0.0022797694255393933,
      "min_ms": 0.00895187258720398,
      "p50_ms": 0.00924430787563324,
      "p95_ms": 0.009676255285739899,
      "p99_ms": 0.016696862876415204,
      "max_ms": 0.04103220999240875
    },
    "forward_sampling": {
      "n_steps": 300,
      "mean_ms": 0.3387635884185632,
      "std_ms": 0.019127923625163714,
      "min_ms": 0.32828934490680695,
      "p50_ms": 0.3365762531757355,
      "p95_ms": 0.3484874963760376,
      "p99_ms": 0.37068881094455713,
      "max_ms": 0.638570636510849
    },
    "envelope": {
      "n_steps": 30,
      "mean_ms": 83.06470979005098,
      "std_ms": 4.539655747242878,
      "min_ms": 80.78831061720848,
      "p50_ms": 81.19040355086327,
      "p95_ms": 94.26116626709698,
      "p99_ms": 97.87449311465025,
      "max_ms": 98.07293862104416
    },
    "carr": {
      "n_steps": 300,
      "mean_ms": 0.000994354486465454,
      "std_ms": 0.0013505053024720224,
      "min_ms": 0.0007115304470062256,
      "p50_ms": 0.0008121132850646973,
      "p95_ms": 0.001059938222169876,
      "p99_ms": 0.005561392754316308,
      "max_ms": 0.01950003206729889,
      "build_time_s": 0.0017974376678466797
    }
  },
  "obstacle": {
    "no_shield": {
      "n_steps": 300,
      "mean_ms": 0.00012633701165517172,
      "std_ms": 0.0002999854481681699,
      "min_ms": 8.754432201385498e-05,
      "p50_ms": 0.00010058283805847168,
      "p95_ms": 0.0001327134668827058,
      "p99_ms": 0.00028191134333610307,
      "max_ms": 0.005258247256278992
    },
    "observation": {
      "n_steps": 300,
      "mean_ms": 0.01808703566590945,
      "std_ms": 0.0007172410154297927,
      "min_ms": 0.01759454607963562,
      "p50_ms": 0.01795683056116104,
      "p95_ms": 0.018476229161024094,
      "p99_ms": 0.0223885104060173,
      "max_ms": 0.02399459481239319
    },
    "single_belief": {
      "n_steps": 300,
      "mean_ms": 0.031235869973897934,
      "std_ms": 0.003978586502663216,
      "min_ms": 0.025196000933647156,
      "p50_ms": 0.03123003989458084,
      "p95_ms": 0.03672763705253601,
      "p99_ms": 0.04100261256098745,
      "max_ms": 0.06378442049026489
    },
    "forward_sampling": {
      "n_steps": 300,
      "mean_ms": 0.6226892955601215,
      "std_ms": 0.045086495637442034,
      "min_ms": 0.607125461101532,
      "p50_ms": 0.6183795630931854,
      "p95_ms": 0.6371516734361649,
      "p99_ms": 0.6501759774982929,
      "max_ms": 1.3886839151382446
    },
    "envelope": {
      "n_steps": 30,
      "mean_ms": 646.1629540969928,
      "std_ms": 78.50419331468684,
      "min_ms": 521.4913748204708,
      "p50_ms": 632.6548354700208,
      "p95_ms": 745.4357515089214,
      "p99_ms": 761.8023853562772,
      "max_ms": 768.0344600230455
    },
    "carr": {
      "n_steps": 300,
      "mean_ms": 0.00805956001083056,
      "std_ms": 0.004814771845618143,
      "min_ms": 0.0016130506992340088,
      "p50_ms": 0.007345341145992279,
      "p95_ms": 0.012990087270736694,
      "p99_ms": 0.020940992981195405,
      "max_ms": 0.06402470171451569,
      "build_time_s": 6.205179691314697
    }
  },
  "cartpole_lowacc": {
    "no_shield": {
      "n_steps": 300,
      "mean_ms": 0.00010495384534200032,
      "std_ms": 4.037111843210411e-05,
      "min_ms": 8.754432201385498e-05,
      "p50_ms": 0.00010058283805847168,
      "p95_ms": 0.00011920928955078125,
      "p99_ms": 0.00019108876585960288,
      "max_ms": 0.0006817281246185303
    },
    "observation": {
      "n_steps": 300,
      "mean_ms": 0.001950431615114212,
      "std_ms": 0.003547697112817463,
      "min_ms": 0.0009313225746154785,
      "p50_ms": 0.0010300427675247192,
      "p95_ms": 0.014368537813425064,
      "p99_ms": 0.01621235162019729,
      "max_ms": 0.021573156118392944
    },
    "single_belief": {
      "n_steps": 300,
      "mean_ms": 0.03242962062358856,
      "std_ms": 0.011217859508368459,
      "min_ms": 0.02876482903957367,
      "p50_ms": 0.029304996132850647,
      "p95_ms": 0.06726915016770363,
      "p99_ms": 0.07962478324770926,
      "max_ms": 0.10043010115623474
    },
    "forward_sampling": {
      "n_steps": 300,
      "mean_ms": 1.32560928662618,
      "std_ms": 0.15052364544840738,
      "min_ms": 1.2173671275377274,
      "p50_ms": 1.2882333248853683,
      "p95_ms": 1.8639160320162773,
      "p99_ms": 1.8921934440732002,
      "max_ms": 2.076314762234688
    },
    "envelope": {
      "skipped": true,
      "reason": "LP infeasible at this scale"
    },
    "carr": {
      "n_steps": 300,
      "mean_ms": 0.0031543088455994925,
      "std_ms": 0.010260428321427767,
      "min_ms": 0.00040978193283081055,
      "p50_ms": 0.00043958425521850586,
      "p95_ms": 0.03751171752810478,
      "p99_ms": 0.04598595201969146,
      "max_ms": 0.05897879600524902,
      "build_time_s": 0.005660533905029297
    }
  },
  "refuel_v2": {
    "no_shield": {
      "n_steps": 300,
      "mean_ms": 0.00010856737693150838,
      "std_ms": 4.4179114990010533e-05,
      "min_ms": 8.754432201385498e-05,
      "p50_ms": 0.00010058283805847168,
      "p95_ms": 0.00012107193470001221,
      "p99_ms": 0.00025274232029914737,
      "max_ms": 0.0007208436727523804
    },
    "observation": {
      "n_steps": 300,
      "mean_ms": 0.13822569201389948,
      "std_ms": 0.0018625352142481798,
      "min_ms": 0.1364145427942276,
      "p50_ms": 0.13758987188339233,
      "p95_ms": 0.1418578438460827,
      "p99_ms": 0.14330675825476644,
      "max_ms": 0.15212781727313995
    },
    "single_belief": {
      "n_steps": 300,
      "mean_ms": 0.2255267215271791,
      "std_ms": 0.022637858552787996,
      "min_ms": 0.21076202392578125,
      "p50_ms": 0.22198539227247238,
      "p95_ms": 0.2361765131354332,
      "p99_ms": 0.2966202236711974,
      "max_ms": 0.5242601037025452
    },
    "forward_sampling": {
      "n_steps": 300,
      "mean_ms": 5.569221333911021,
      "std_ms": 0.23801193821267136,
      "min_ms": 5.444671958684921,
      "p50_ms": 5.535473115742207,
      "p95_ms": 5.610618274658918,
      "p99_ms": 7.086232788860798,
      "max_ms": 7.701016962528229
    },
    "envelope": {
      "skipped": true,
      "reason": "LP infeasible at this scale"
    },
    "carr": {
      "skipped": true,
      "reason": "support-MDP BFS infeasible"
    }
  }
}