{
  "taxinet": {
    "no_shield": {
      "n_steps": 300,
      "mean_ms": 0.00010966633756955464,
      "std_ms": 6.49448339154463e-05,
      "min_ms": 8.754432201385498e-05,
      "p50_ms": 0.00010058283805847168,
      "p95_ms": 0.00012107193470001221,
      "p99_ms": 0.00020215287804603487,
      "max_ms": 0.0009909272193908691
    },
    "observation": {
      "n_steps": 300,
      "mean_ms": 0.0015572334329287212,
      "std_ms": 0.0008770743393978049,
      "min_ms": 0.0013113021850585938,
      "p50_ms": 0.0014510005712509155,
      "p95_ms": 0.0015832483768463135,
      "p99_ms": 0.005916897207498543,
      "max_ms": 0.013461336493492126
    },
    "single_belief": {
      "n_steps": 300,
      "mean_ms": 0.009366584320863089,
      "std_ms": 0.0022821124391925515,
      "min_ms": 0.008635222911834717,
      "p50_ms": 0.009035691618919373,
      "p95_ms": 0.009658467024564743,
      "p99_ms": 0.01632740721106525,
      "max_ms": 0.04096329212188721
    },
    "forward_sampling": {
      "n_steps": 300,
      "mean_ms": 21.17809781183799,
      "std_ms": 0.19982107292803017,
      "min_ms": 19.056690856814384,
      "p50_ms": 21.18129562586546,
      "p95_ms": 21.38687651604414,
      "p99_ms": 21.511125322431326,
      "max_ms": 22.751055657863617
    },
    "envelope": {
      "n_steps": 30,
      "mean_ms": 83.13300671676795,
      "std_ms": 4.482413029418195,
      "min_ms": 80.86899854242802,
      "p50_ms": 81.2853081151843,
      "p95_ms": 93.61599888652562,
      "p99_ms": 98.18955739960074,
      "max_ms": 98.9913884550333
    },
    "carr": {
      "n_steps": 300,
      "mean_ms": 0.0009010794262091318,
      "std_ms": 0.0012836280341448933,
      "min_ms": 0.0006798654794692993,
      "p50_ms": 0.0007413327693939209,
      "p95_ms": 0.0008522532880306246,
      "p99_ms": 0.005286633968353247,
      "max_ms": 0.018715858459472656,
      "build_time_s": 0.0017528533935546875
    }
  },
  "obstacle": {
    "no_shield": {
      "n_steps": 300,
      "mean_ms": 0.00011110678315162659,
      "std_ms": 4.77131038230854e-05,
      "min_ms": 8.754432201385498e-05,
      "p50_ms": 0.00010058283805847168,
      "p95_ms": 0.0001286156475543976,
      "p99_ms": 0.0002611614763736721,
      "max_ms": 0.0008046627044677734
    },
    "observation": {
      "n_steps": 300,
      "mean_ms": 0.017920751124620438,
      "std_ms": 0.0030402226120893458,
      "min_ms": 0.01716427505016327,
      "p50_ms": 0.01759454607963562,
      "p95_ms": 0.01840684562921524,
      "p99_ms": 0.022745653986930847,
      "max_ms": 0.0687725841999054
    },
    "single_belief": {
      "n_steps": 300,
      "mean_ms": 0.031623151153326035,
      "std_ms": 0.004139920684932441,
      "min_ms": 0.025058165192604065,
      "p50_ms": 0.03177579492330551,
      "p95_ms": 0.03711888566613197,
      "p99_ms": 0.042796116322278956,
      "max_ms": 0.05986727774143219
    },
    "forward_sampling": {
      "n_steps": 300,
      "mean_ms": 67.00428902481993,
      "std_ms": 0.8817074334124946,
      "min_ms": 58.90045687556267,
      "p50_ms": 66.92699529230595,
      "p95_ms": 68.36443413048983,
      "p99_ms": 69.2028709128499,
      "max_ms": 72.07762822508812
    },
    "envelope": {
      "n_steps": 30,
      "mean_ms": 643.1396550188462,
      "std_ms": 78.96057325453326,
      "min_ms": 517.3857677727938,
      "p50_ms": 629.8074964433908,
      "p95_ms": 744.254282861948,
      "p99_ms": 758.9059978723526,
      "max_ms": 764.5712811499834
    },
    "carr": {
      "n_steps": 300,
      "mean_ms": 0.007883372406164805,
      "std_ms": 0.005032071155339746,
      "min_ms": 0.0015050172805786133,
      "p50_ms": 0.007156282663345337,
      "p95_ms": 0.012852810323238373,
      "p99_ms": 0.019811671227216675,
      "max_ms": 0.07077492773532867,
      "build_time_s": 6.050420045852661
    }
  },
  "cartpole_lowacc": {
    "no_shield": {
      "n_steps": 300,
      "mean_ms": 0.00014176592230796814,
      "std_ms": 4.668612656586218e-05,
      "min_ms": 9.313225746154785e-05,
      "p50_ms": 0.00013969838619232178,
      "p95_ms": 0.00017145648598670962,
      "p99_ms": 0.00025186687707900963,
      "max_ms": 0.0008400529623031616
    },
    "observation": {
      "n_steps": 300,
      "mean_ms": 0.001970635106166204,
      "std_ms": 0.003566872727986615,
      "min_ms": 0.000951811671257019,
      "p50_ms": 0.0010440126061439514,
      "p95_ms": 0.014595035463571548,
      "p99_ms": 0.015991199761629098,
      "max_ms": 0.022182241082191467
    },
    "single_belief": {
      "n_steps": 300,
      "mean_ms": 0.03197545806566874,
      "std_ms": 0.011778354719839157,
      "min_ms": 0.028353184461593628,
      "p50_ms": 0.028681010007858276,
      "p95_ms": 0.06982050836086275,
      "p99_ms": 0.07951058447360988,
      "max_ms": 0.0989474356174469
    },
    "forward_sampling": {
      "n_steps": 300,
      "mean_ms": 7.13415473078688,
      "std_ms": 6.150976276226372,
      "min_ms": 5.401184782385826,
      "p50_ms": 5.49294613301754,
      "p95_ms": 29.8893541097641,
      "p99_ms": 30.41162194684148,
      "max_ms": 30.807122588157654
    },
    "envelope": {
      "skipped": true,
      "reason": "LP infeasible at this scale"
    },
    "carr": {
      "n_steps": 300,
      "mean_ms": 0.0032232018808523812,
      "std_ms": 0.010461686399528197,
      "min_ms": 0.00041909515857696533,
      "p50_ms": 0.0004507601261138916,
      "p95_ms": 0.03867894411087036,
      "p99_ms": 0.04531990736722946,
      "max_ms": 0.060049816966056824,
      "build_time_s": 0.0057370662689208984
    }
  },
  "refuel_v2": {
    "no_shield": {
      "n_steps": 300,
      "mean_ms": 0.0001274794340133667,
      "std_ms": 7.039535824369226e-05,
      "min_ms": 8.754432201385498e-05,
      "p50_ms": 0.00010058283805847168,
      "p95_ms": 0.00018067657947540283,
      "p99_ms": 0.00024147331714630019,
      "max_ms": 0.0011399388313293457
    },
    "observation": {
      "n_steps": 300,
      "mean_ms": 0.1405195581416289,
      "std_ms": 0.0018797363795793139,
      "min_ms": 0.13841688632965088,
      "p50_ms": 0.13982877135276794,
      "p95_ms": 0.14434056356549263,
      "p99_ms": 0.14613952487707138,
      "max_ms": 0.15217624604701996
    },
    "single_belief": {
      "n_steps": 300,
      "mean_ms": 0.22513185938199362,
      "std_ms": 0.022572890338804597,
      "min_ms": 0.2103019505739212,
      "p50_ms": 0.22219587117433548,
      "p95_ms": 0.2357623539865017,
      "p99_ms": 0.293116550892591,
      "max_ms": 0.5245991051197052
    },
    "forward_sampling": {
      "n_steps": 300,
      "mean_ms": 383.8711076726516,
      "std_ms": 31.08542638863612,
      "min_ms": 248.7265057861805,
      "p50_ms": 391.0210309550166,
      "p95_ms": 397.5345926359296,
      "p99_ms": 400.1796417683363,
      "max_ms": 406.3244443386793
    },
    "envelope": {
      "skipped": true,
      "reason": "LP infeasible at this scale"
    },
    "carr": {
      "skipped": true,
      "reason": "support-MDP BFS infeasible"
    }
  }
}