{
  "metadata": {
    "timestamp": "2026-05-29T17:05:10.669355+00:00",
    "git_sha": "de672e3a99defdbc18a592cbbeba272c52be5ae9",
    "machine": {
      "platform": "Linux-6.11.0-21-generic-x86_64-with-glibc2.36",
      "python_version": "3.11.2",
      "machine": "x86_64",
      "node": "ebb290718449"
    },
    "config": {
      "case_study_name": "taxinet",
      "build_ipomdp_fn": "<function build_taxinet_ipomdp at 0x7d2a360edd00>",
      "seed": 42,
      "num_trajectories": 200,
      "trajectory_length": 20,
      "initial_state": [
        0,
        0
      ],
      "initial_action": 0,
      "sampler_budget": 500,
      "sampler_k": 100,
      "sampler_likelihood_strategy": "LikelihoodSamplingStrategy.HYBRID",
      "sampler_pruning_strategy": "PruningStrategy.FARTHEST_POINT",
      "results_path": "results/final/perception_variability/perception_variability_taxinet_results.json",
      "ipomdp_kwargs": {
        "error": 0.01
      }
    },
    "total_time_s": 3915.9024710655212
  },
  "results": {
    "varying": {
      "num_trajectories": 200,
      "overall_max_gap": {
        "mean": 0.443480349554379,
        "std": 0.30897052095565775,
        "median": 0.3567842742843418,
        "p10": 0.11130100939100768,
        "p90": 0.9802823286953947
      },
      "overall_mean_gap": {
        "mean": 0.047476237975103655,
        "std": 0.05368843357598106,
        "median": 0.028177302850402923
      },
      "timestep": [
        {
          "t": 0,
          "mean_max_gap": 0.04569876800050457,
          "median_max_gap": 0.052873808931250266,
          "p10_max_gap": 0.020404598997970785,
          "p90_max_gap": 0.06328268850484979,
          "mean_mean_gap": 0.0207916686064028
        },
        {
          "t": 1,
          "mean_max_gap": 0.07346378682473749,
          "median_max_gap": 0.05998513984527942,
          "p10_max_gap": 0.02933448198071329,
          "p90_max_gap": 0.12443712107931106,
          "mean_mean_gap": 0.03789279883765694
        },
        {
          "t": 2,
          "mean_max_gap": 0.12909516503786866,
          "median_max_gap": 0.10981723037861713,
          "p10_max_gap": 0.014505135554310546,
          "p90_max_gap": 0.24142869047814547,
          "mean_mean_gap": 0.06464694277348713
        },
        {
          "t": 3,
          "mean_max_gap": 0.1415013999719544,
          "median_max_gap": 0.09686101451861562,
          "p10_max_gap": 0.0006900040411503606,
          "p90_max_gap": 0.3481449221307955,
          "mean_mean_gap": 0.06840921208543874
        },
        {
          "t": 4,
          "mean_max_gap": 0.1412892545058653,
          "median_max_gap": 0.04665777913861027,
          "p10_max_gap": 0.00031410713309856233,
          "p90_max_gap": 0.38991884498454377,
          "mean_mean_gap": 0.06246485281174832
        },
        {
          "t": 5,
          "mean_max_gap": 0.1549795092906062,
          "median_max_gap": 0.04809589291828287,
          "p10_max_gap": 0.0002966844867168029,
          "p90_max_gap": 0.4460235407635536,
          "mean_mean_gap": 0.05982289568259973
        },
        {
          "t": 6,
          "mean_max_gap": 0.1343360516418134,
          "median_max_gap": 0.03417222718032954,
          "p10_max_gap": 0.00012777017112133694,
          "p90_max_gap": 0.40323856650441503,
          "mean_mean_gap": 0.05050105868328219
        },
        {
          "t": 7,
          "mean_max_gap": 0.12709069377853974,
          "median_max_gap": 0.014734991479124784,
          "p10_max_gap": 3.35520105775089e-05,
          "p90_max_gap": 0.46361979879990317,
          "mean_mean_gap": 0.047764311891391395
        },
        {
          "t": 8,
          "mean_max_gap": 0.12780066526069708,
          "median_max_gap": 0.017304225086292667,
          "p10_max_gap": 5.481331385291251e-05,
          "p90_max_gap": 0.48015229784197977,
          "mean_mean_gap": 0.04539438491360914
        },
        {
          "t": 9,
          "mean_max_gap": 0.1007813754732886,
          "median_max_gap": 0.008842989726925779,
          "p10_max_gap": 2.3027417309004408e-05,
          "p90_max_gap": 0.35496028243757566,
          "mean_mean_gap": 0.03852447870908952
        },
        {
          "t": 10,
          "mean_max_gap": 0.11421200150740034,
          "median_max_gap": 0.008983298647676333,
          "p10_max_gap": 2.102416553988464e-05,
          "p90_max_gap": 0.3791969926007575,
          "mean_mean_gap": 0.04214930114191743
        },
        {
          "t": 11,
          "mean_max_gap": 0.13575133774026696,
          "median_max_gap": 0.012703805151146259,
          "p10_max_gap": 2.8274678963498086e-05,
          "p90_max_gap": 0.6025159449984137,
          "mean_mean_gap": 0.05213934969083156
        },
        {
          "t": 12,
          "mean_max_gap": 0.13927836034270125,
          "median_max_gap": 0.010759456693691494,
          "p10_max_gap": 2.4080065635101463e-05,
          "p90_max_gap": 0.5795912543781832,
          "mean_mean_gap": 0.053486627988703496
        },
        {
          "t": 13,
          "mean_max_gap": 0.14596721250626712,
          "median_max_gap": 0.009806655247060134,
          "p10_max_gap": 6.638194882041537e-05,
          "p90_max_gap": 0.647493444545789,
          "mean_mean_gap": 0.05652914677639347
        },
        {
          "t": 14,
          "mean_max_gap": 0.13521669373550654,
          "median_max_gap": 0.009812550176846124,
          "p10_max_gap": 5.159537237543216e-05,
          "p90_max_gap": 0.5879803163583724,
          "mean_mean_gap": 0.053427823978197266
        },
        {
          "t": 15,
          "mean_max_gap": 0.12503291619474216,
          "median_max_gap": 0.012692802704798473,
          "p10_max_gap": 3.572582349757881e-05,
          "p90_max_gap": 0.37581800605296634,
          "mean_mean_gap": 0.04556604521673892
        },
        {
          "t": 16,
          "mean_max_gap": 0.10905304810132899,
          "median_max_gap": 0.010093330770050368,
          "p10_max_gap": 2.8021495331898025e-05,
          "p90_max_gap": 0.3416469100897841,
          "mean_mean_gap": 0.039636833722407394
        },
        {
          "t": 17,
          "mean_max_gap": 0.1016435901983315,
          "median_max_gap": 0.00832672210743677,
          "p10_max_gap": 7.282268615174065e-05,
          "p90_max_gap": 0.3383283865737991,
          "mean_mean_gap": 0.0358775376753748
        },
        {
          "t": 18,
          "mean_max_gap": 0.10906335275271561,
          "median_max_gap": 0.008190458333249384,
          "p10_max_gap": 1.6726241551201508e-05,
          "p90_max_gap": 0.4080811420244414,
          "mean_mean_gap": 0.040054550584255076
        },
        {
          "t": 19,
          "mean_max_gap": 0.11794070642169131,
          "median_max_gap": 0.009446343838408968,
          "p10_max_gap": 1.3593383753349405e-05,
          "p90_max_gap": 0.451680931741204,
          "mean_mean_gap": 0.042586814895791476
        }
      ]
    },
    "fixed_realization": {
      "num_trajectories": 200,
      "overall_max_gap": {
        "mean": 0.5406710888383546,
        "std": 0.29857109780215413,
        "median": 0.46392701270684755,
        "p10": 0.18056517088589316,
        "p90": 0.9939148097843613
      },
      "overall_mean_gap": {
        "mean": 0.06264383842229321,
        "std": 0.06305262686125038,
        "median": 0.041303879135633034
      },
      "timestep": [
        {
          "t": 0,
          "mean_max_gap": 0.04698946310830678,
          "median_max_gap": 0.05624338264875778,
          "p10_max_gap": 0.019874884050826196,
          "p90_max_gap": 0.0650234226671254,
          "mean_mean_gap": 0.02130673232288449
        },
        {
          "t": 1,
          "mean_max_gap": 0.08871112550314454,
          "median_max_gap": 0.07414398018877827,
          "p10_max_gap": 0.0384199215645196,
          "p90_max_gap": 0.14094349071426462,