{
  "metadata": {
    "timestamp": "2026-05-13T21:53:41.050409+00:00",
    "git_sha": "62a0a22da456352ccfa8598b0b233c521cccd2ae",
    "machine": {
      "platform": "Linux-6.11.0-21-generic-x86_64-with-glibc2.36",
      "python_version": "3.11.2",
      "machine": "x86_64",
      "node": "f9cb5f8c40ea"
    },
    "config": {
      "case_study_name": "taxinet",
      "build_ipomdp_fn": "<function build_taxinet_ipomdp at 0x7082142d3a60>",
      "seed": 42,
      "num_trajectories": 100,
      "trajectory_length": 20,
      "initial_state": [
        0,
        0
      ],
      "initial_action": 0,
      "sampler_budget": 500,
      "sampler_k": 100,
      "sampler_likelihood_strategy": "LikelihoodSamplingStrategy.HYBRID",
      "sampler_pruning_strategy": "PruningStrategy.FARTHEST_POINT",
      "results_path": "results/final/perception_variability/perception_variability_taxinet_results.json",
      "ipomdp_kwargs": {}
    },
    "total_time_s": 1525.9235360622406
  },
  "results": {
    "varying": {
      "num_trajectories": 100,
      "overall_max_gap": {
        "mean": 0.28618824867945425,
        "std": 0.25485779116083834,
        "median": 0.19307516917258977,
        "p10": 0.07065655491267024,
        "p90": 0.7299135331003959
      },
      "overall_mean_gap": {
        "mean": 0.03942412794590241,
        "std": 0.041524231233022256,
        "median": 0.02456424707957418
      },
      "timestep": [
        {
          "t": 0,
          "mean_max_gap": 0.0425792588327717,
          "median_max_gap": 0.04413478954709882,
          "p10_max_gap": 0.01715953272615376,
          "p90_max_gap": 0.061958525582582545,
          "mean_mean_gap": 0.019088699882016127
        },
        {
          "t": 1,
          "mean_max_gap": 0.06786844741813285,
          "median_max_gap": 0.05264491301220986,
          "p10_max_gap": 0.031225468317982695,
          "p90_max_gap": 0.11841962037247394,
          "mean_mean_gap": 0.03589121898031281
        },
        {
          "t": 2,
          "mean_max_gap": 0.10345292643474206,
          "median_max_gap": 0.07657922551249363,
          "p10_max_gap": 0.00928249219265429,
          "p90_max_gap": 0.20072767966460847,
          "mean_mean_gap": 0.053986833095072094
        },
        {
          "t": 3,
          "mean_max_gap": 0.10647349554240683,
          "median_max_gap": 0.05643799514140957,
          "p10_max_gap": 0.0008917462987912921,
          "p90_max_gap": 0.29583823844739904,
          "mean_mean_gap": 0.04985567669602965
        },
        {
          "t": 4,
          "mean_max_gap": 0.11967623565172023,
          "median_max_gap": 0.03651216072832674,
          "p10_max_gap": 0.0005152912841031032,
          "p90_max_gap": 0.374809184772978,
          "mean_mean_gap": 0.054996888065605105
        },
        {
          "t": 5,
          "mean_max_gap": 0.10609568893099276,
          "median_max_gap": 0.03599736747205391,
          "p10_max_gap": 0.002290212847688934,
          "p90_max_gap": 0.32018713212510785,
          "mean_mean_gap": 0.04427002003190903
        },
        {
          "t": 6,
          "mean_max_gap": 0.11962895736405392,
          "median_max_gap": 0.0443654072250817,
          "p10_max_gap": 0.002767770953260186,
          "p90_max_gap": 0.32805512666825126,
          "mean_mean_gap": 0.05075832422174407
        },
        {
          "t": 7,
          "mean_max_gap": 0.11935632362974896,
          "median_max_gap": 0.03834647609339674,
          "p10_max_gap": 0.0031961598893273657,
          "p90_max_gap": 0.33350309247044063,
          "mean_mean_gap": 0.04678916184354011
        },
        {
          "t": 8,
          "mean_max_gap": 0.10209284788951915,
          "median_max_gap": 0.02919956409377078,
          "p10_max_gap": 0.001679994838934662,
          "p90_max_gap": 0.2510605486885077,
          "mean_mean_gap": 0.04076227729988596
        },
        {
          "t": 9,
          "mean_max_gap": 0.104644783587076,
          "median_max_gap": 0.03134086827573024,
          "p10_max_gap": 0.00151010119607084,
          "p90_max_gap": 0.23055006193795066,
          "mean_mean_gap": 0.03738352622713129
        },
        {
          "t": 10,
          "mean_max_gap": 0.09230970445039008,
          "median_max_gap": 0.02997968263884304,
          "p10_max_gap": 0.0004526797754081342,
          "p90_max_gap": 0.19726096594436388,
          "mean_mean_gap": 0.03246500966715502
        },
        {
          "t": 11,
          "mean_max_gap": 0.09569456810643057,
          "median_max_gap": 0.022864075066183445,
          "p10_max_gap": 0.00023302152965659962,
          "p90_max_gap": 0.21054023869593352,
          "mean_mean_gap": 0.035215550351593884
        },
        {
          "t": 12,
          "mean_max_gap": 0.0962891400687487,
          "median_max_gap": 0.030527480038922944,
          "p10_max_gap": 0.00029908646472435086,
          "p90_max_gap": 0.23573878733835119,
          "mean_mean_gap": 0.03639420701811297
        },
        {
          "t": 13,
          "mean_max_gap": 0.11595927203232256,
          "median_max_gap": 0.036185917129573635,
          "p10_max_gap": 0.002128577230004137,
          "p90_max_gap": 0.37334543642799706,
          "mean_mean_gap": 0.04355899826990034
        },
        {
          "t": 14,
          "mean_max_gap": 0.09142867155779649,
          "median_max_gap": 0.02840456183150397,
          "p10_max_gap": 0.0009619657010195464,
          "p90_max_gap": 0.15134243852499818,
          "mean_mean_gap": 0.03172098858658592
        },
        {
          "t": 15,
          "mean_max_gap": 0.08149677516004378,
          "median_max_gap": 0.022768316019719848,
          "p10_max_gap": 0.00015614245557154217,
          "p90_max_gap": 0.15868619937539,
          "mean_mean_gap": 0.02988122374375565
        },
        {
          "t": 16,
          "mean_max_gap": 0.07771488017234156,
          "median_max_gap": 0.0197207401228659,
          "p10_max_gap": 0.000635881130606164,
          "p90_max_gap": 0.15406643273736517,
          "mean_mean_gap": 0.026098683406389166
        },
        {
          "t": 17,
          "mean_max_gap": 0.06879096364294084,
          "median_max_gap": 0.02217652609170162,
          "p10_max_gap": 0.0008964304191705797,
          "p90_max_gap": 0.09540329256265598,
          "mean_mean_gap": 0.02402235237380535
        },
        {
          "t": 18,
          "mean_max_gap": 0.07135318733511295,
          "median_max_gap": 0.028548832590268303,
          "p10_max_gap": 0.0006303690193494721,
          "p90_max_gap": 0.1627289458310097,
          "mean_mean_gap": 0.02629808077005836
        },
        {
          "t": 19,
          "mean_max_gap": 0.09286483514466219,
          "median_max_gap": 0.03920443738137247,
          "p10_max_gap": 0.007515812596388694,
          "p90_max_gap": 0.2616765074615818,
          "mean_mean_gap": 0.0337621260324887
        }
      ]
    },
    "fixed_realization": {
      "num_trajectories": 100,
      "overall_max_gap": {
        "mean": 0.35293459530862514,
        "std": 0.26481613777038265,
        "median": 0.25748240349114493,
        "p10": 0.11940965885206577,
        "p90": 0.8076404597873781
      },
      "overall_mean_gap": {
        "mean": 0.05453662755106775,
        "std": 0.05943127737208036,
        "median": 0.03436557044072809
      },
      "timestep": [
        {
          "t": 0,
          "mean_max_gap": 0.04374799553500197,
          "median_max_gap": 0.04488219283474723,
          "p10_max_gap": 0.018341901012728735,
          "p90_max_gap": 0.06349890543227618,
          "mean_mean_gap": 0.0196654773656679
        },
        {
          "t": 1,
          "mean_max_gap": 0.08040730064996404,
          "median_max_gap": 0.0637973721574479,
          "p10_max_gap": 0.03984063598990109,
          "p90_max_gap": 0.1342012451765022,
          "mean_mean_gap": 0.043652125613098704
        },
        {
          "t": 2,