{
  "metadata": {
    "timestamp": "2026-03-27T22:10:33.667550+00:00",
    "git_sha": "977f4a0bf90e08e6a303d394a425825531d7bb5c",
    "machine": {
      "platform": "Linux-6.11.0-21-generic-x86_64-with-glibc2.36",
      "python_version": "3.11.2",
      "machine": "x86_64",
      "node": "3f00eeba5ebc"
    },
    "config": {
      "case_study_name": "cartpole",
      "build_ipomdp_fn": "<function build_cartpole_ipomdp at 0x737429dd2ca0>",
      "seed": 42,
      "num_trajectories": 30,
      "trajectory_length": 15,
      "initial_state": [
        1,
        1,
        1,
        1
      ],
      "initial_action": 0,
      "sampler_budget": 500,
      "sampler_k": 100,
      "sampler_likelihood_strategy": "LikelihoodSamplingStrategy.HYBRID",
      "sampler_pruning_strategy": "PruningStrategy.FARTHEST_POINT",
      "results_path": "results/final/coarse_cartpole_results.json",
      "ipomdp_kwargs": {
        "num_bins": 3
      }
    },
    "total_time_s": 2123.473738670349
  },
  "results": {
    "num_trajectories": 30,
    "overall_max_gap": {
      "mean": 0.9807873425052882,
      "std": 0.05008553183673494,
      "min": 0.7634912616569616,
      "max": 0.9999999999829863,
      "median": 0.9994592644322613,
      "p10": 0.967046451786461,
      "p90": 0.9999998910916342
    },
    "overall_mean_gap": {
      "mean": 0.3254044628681501,
      "std": 0.12491950667076847,
      "median": 0.36172828641281607
    },
    "timestep_avg_max_gap": [
      0.29331690563319596,
      0.5402010106031011,
      0.7459159216657131,
      0.7191199097193935,
      0.6668818433714456,
      0.7005990304170846,
      0.6673306866335735,
      0.7338809560471671,
      0.7104654307706767,
      0.6872558280198542,
      0.632739003567524,
      0.6392646555231267,
      0.6854814941739726,
      0.6786910099170967,
      0.6609901999815777
    ],
    "timestep_avg_mean_gap": [
      0.14665845281659798,
      0.27010050530155055,
      0.37295796083285654,
      0.3595599548596968,
      0.3334409216857228,
      0.3502995152085423,
      0.33366534331678677,
      0.36694047802358354,
      0.35523271538533835,
      0.3436279140099271,
      0.316369501783762,
      0.31963232776156336,
      0.3427407470869863,
      0.33934550495854837,
      0.33049509999078885
    ],
    "timestep_max_gap_median": [
      0.3250827232247032,
      0.3591099174349343,
      0.9382139205751976,
      0.9653745362420921,
      0.9032153870069417,
      0.9240811915200147,
      0.8550400678061947,
      0.9420286915814846,
      0.9540777117708457,
      0.9696248132215062,
      0.9689840353634748,
      0.9362794102518626,
      0.9668821280945279,
      0.9475851967342039,
      0.9156540046194734
    ],
    "timestep_max_gap_p10": [
      0.11207324954690112,
      0.09271192591807315,
      0.19904351458264696,
      0.14377096481958188,
      0.03439031743374099,
      0.009527620302906681,
      0.011684835784927372,
      0.007884265378398333,
      0.005260008885220089,
      0.0021266991833579683,
      0.001824420292264665,
      0.01040999069209762,
      0.0025061900534627834,
      0.012955677653796273,
      0.003227401871486517
    ],
    "timestep_max_gap_p90": [
      0.37724924656520376,
      0.9770450125890566,
      0.993671489053854,
      0.9896248687556781,
      0.9950326199232382,
      0.9970193377730132,
      0.9989285058841024,
      0.9982398346848532,
      0.999471558435514,
      0.9997237001929438,
      0.9998526966025012,
      0.9999897627000683,
      0.9999900381662129,
      0.9999886056090896,
      0.9999995487962476
    ]
  }
}