{
  "metadata": {
    "timestamp": "2026-03-09T02:26:55.430557+00:00",
    "git_sha": "9edba5f8ed86cc03cd2ce4d5d60453e7d221060a",
    "machine": {
      "platform": "Linux-6.11.0-21-generic-x86_64-with-glibc2.36",
      "python_version": "3.11.2",
      "machine": "x86_64",
      "node": "3f00eeba5ebc"
    },
    "config": {
      "case_study_name": "cartpole",
      "build_ipomdp_fn": "<function build_cartpole_ipomdp at 0x72894a2968e0>",
      "seed": 42,
      "num_trajectories": 30,
      "trajectory_length": 15,
      "initial_state": [
        1,
        1,
        1,
        1
      ],
      "initial_action": 0,
      "sampler_budget": 100,
      "sampler_k": 10,
      "sampler_likelihood_strategy": "LikelihoodSamplingStrategy.HYBRID",
      "sampler_pruning_strategy": "PruningStrategy.FARTHEST_POINT",
      "results_path": "results/final/coarse_cartpole_results.json",
      "ipomdp_kwargs": {
        "num_bins": 3
      }
    },
    "total_time_s": 739.129492521286
  },
  "results": {
    "num_trajectories": 30,
    "overall_max_gap": {
      "mean": 0.9943081092573632,
      "std": 0.01723277089515237,
      "min": 0.9170885402545765,
      "max": 0.9999999999997937,
      "median": 0.9999641869781857,
      "p10": 0.992620237006412,
      "p90": 0.9999999994771568
    },
    "overall_mean_gap": {
      "mean": 0.381021181754306,
      "std": 0.09786738592998877,
      "median": 0.41581891331274556
    },
    "timestep_avg_max_gap": [
      0.3141539857899442,
      0.6120422317505425,
      0.7932767428705997,
      0.8344740513087,
      0.8366958820403735,
      0.8255224945806592,
      0.8025127303687133,
      0.8487347188091289,
      0.8131020296734442,
      0.7646940358378763,
      0.7453120848195727,
      0.7784206831393411,
      0.8069421484245958,
      0.835261177312171,
      0.8194904559035164
    ],
    "timestep_avg_mean_gap": [
      0.1570769928949721,
      0.30602111587527125,
      0.39663837143529984,
      0.41723702565435,
      0.41834794102018674,
      0.4127612472903296,
      0.40125636518435664,
      0.42436735940456444,
      0.4065510148367221,
      0.38234701791893816,
      0.37265604240978634,
      0.38921034156967055,
      0.4034710742122979,
      0.4176305886560855,
      0.4097452279517582
    ],
    "timestep_max_gap_median": [
      0.34408384329505876,
      0.5586513654727802,
      0.9657024564045331,
      0.9842524119270668,
      0.9762802770566761,
      0.9830729219917806,
      0.9796614004334513,
      0.9920157049918946,
      0.9837070097727104,
      0.9939935160559739,
      0.997796607695559,
      0.9857633560549748,
      0.9957469090541782,
      0.994555258893582,
      0.996686282726186
    ],
    "timestep_max_gap_p10": [
      0.13078459495049324,
      0.2660157860653888,
      0.21991932349832236,
      0.4150575311547167,
      0.4299828109328431,
      0.17412657289335387,
      0.4125459680048475,
      0.1297757984720593,
      0.02398849068296485,
      0.017038762062085842,
      0.10216368865251997,
      0.20189042652201847,
      0.10756657533601661,
      0.39119190157448525,
      0.042714086452488344
    ],
    "timestep_max_gap_p90": [
      0.39141351338649505,
      0.9789528997702213,
      0.9954518451370487,
      0.9974289689480329,
      0.9977788427622976,
      0.9996814086323212,
      0.9999535430571735,
      0.999970046269672,
      0.9999854426038693,
      0.9999971465170746,
      0.999997274344932,
      0.9999998806786679,
      0.9999994435850249,
      0.9999999125652582,
      0.9999999893151547
    ]
  }
}