{
  "metadata": {
    "timestamp": "2026-05-29T19:57:04.537023+00:00",
    "git_sha": "de672e3a99defdbc18a592cbbeba272c52be5ae9",
    "machine": {
      "platform": "Linux-6.11.0-21-generic-x86_64-with-glibc2.36",
      "python_version": "3.11.2",
      "machine": "x86_64",
      "node": "ebb290718449"
    },
    "config": {
      "case_study_name": "cartpole",
      "build_ipomdp_fn": "<function build_cartpole_ipomdp at 0x71e9d80413a0>",
      "seed": 42,
      "num_trajectories": 200,
      "trajectory_length": 15,
      "initial_state": [
        1,
        1,
        1,
        1
      ],
      "initial_action": 0,
      "sampler_budget": 500,
      "sampler_k": 100,
      "sampler_likelihood_strategy": "LikelihoodSamplingStrategy.HYBRID",
      "sampler_pruning_strategy": "PruningStrategy.FARTHEST_POINT",
      "results_path": "results/final/coarse_cartpole_results.json",
      "ipomdp_kwargs": {
        "num_bins": 3
      }
    },
    "total_time_s": 14060.918987989426
  },
  "results": {
    "num_trajectories": 200,
    "overall_max_gap": {
      "mean": 0.9690798782556308,
      "std": 0.09621451377796235,
      "min": 0.3250827232247032,
      "max": 0.9999999997880947,
      "median": 0.9982149045356573,
      "p10": 0.9459844733385693,
      "p90": 0.9999969769827363
    },
    "overall_mean_gap": {
      "mean": 0.3219555712033536,
      "std": 0.12406434636670782,
      "median": 0.3558216140824112
    },
    "timestep_avg_max_gap": [
      0.27408030309141135,
      0.6531453689166105,
      0.7279802991731915,
      0.7108515308788366,
      0.715533375482226,
      0.7007876264048938,
      0.6609693097691017,
      0.666540595386377,
      0.6602538654748469,
      0.6641678980689245,
      0.6609771078912963,
      0.6396586855644079,
      0.6418249607573475,
      0.6428859129139038,
      0.6390102962591017
    ],
    "timestep_avg_mean_gap": [
      0.13704015154570567,
      0.32657268445830523,
      0.36399014958659576,
      0.3554257654715374,
      0.35776668774258513,
      0.3503938132024469,
      0.33048465488455087,
      0.3332702976936616,
      0.33012693273742344,
      0.33208394903446226,
      0.33048855394564813,
      0.31982934278220393,
      0.32091248037867376,
      0.3214429564569519,
      0.31950514812955083
    ],
    "timestep_max_gap_median": [
      0.31285443636411026,
      0.8408203950221029,
      0.9254434721076714,
      0.9067153547710192,
      0.8856983212096039,
      0.9149159619170532,
      0.9089500284221419,
      0.9122425023866625,
      0.9281564371092836,
      0.9279244467822436,
      0.9142908455206575,
      0.924908892104586,
      0.9460040812547663,
      0.9410530001363735,
      0.9341173988396323
    ],
    "timestep_max_gap_p10": [
      0.09194521753514975,
      0.1475677668370972,
      0.1548130642723876,
      0.0901974688155071,
      0.0773936298479019,
      0.014441207888687847,
      0.003015803885233956,
      0.0028377747641503393,
      0.0025223276457221363,
      0.0020411357273115564,
      0.0018482018497868959,
      0.001853690964265454,
      0.0013651963824931493,
      0.0008667648614469816,
      0.0007438569442763004
    ],
    "timestep_max_gap_p90": [
      0.3628749522648488,
      0.9693855489517489,
      0.9918629316215068,
      0.9962483948705202,
      0.9973015939763892,
      0.9980109362542992,
      0.9985130475516576,
      0.9993783369907061,
      0.9996653786967632,
      0.9998107927495272,
      0.9996491352019924,
      0.9998358633279384,
      0.9997735458058311,
      0.9998749745918805,
      0.9999114358017819
    ]
  }
}