{
  "metadata": {
    "timestamp": "2026-05-29T17:04:19.034737+00:00",
    "git_sha": "de672e3a99defdbc18a592cbbeba272c52be5ae9",
    "machine": {
      "platform": "Linux-6.11.0-21-generic-x86_64-with-glibc2.36",
      "python_version": "3.11.2",
      "machine": "x86_64",
      "node": "ebb290718449"
    },
    "config": {
      "case_study_name": "taxinet",
      "build_ipomdp_fn": "<function build_taxinet_ipomdp at 0x7e9f03449e40>",
      "seed": 42,
      "num_trajectories": 200,
      "trajectory_length": 20,
      "initial_state": [
        0,
        0
      ],
      "initial_action": 0,
      "sampler_budget": 500,
      "sampler_k": 100,
      "sampler_likelihood_strategy": "LikelihoodSamplingStrategy.HYBRID",
      "sampler_pruning_strategy": "PruningStrategy.FARTHEST_POINT",
      "results_path": "results/final/coarse_taxinet_results.json",
      "ipomdp_kwargs": {
        "error": 0.01
      }
    },
    "total_time_s": 3705.265073299408
  },
  "results": {
    "num_trajectories": 200,
    "overall_max_gap": {
      "mean": 0.4446952009170414,
      "std": 0.30895366321975837,
      "min": 0.04578660654398281,
      "max": 0.999999880884269,
      "median": 0.35663717290644426,
      "p10": 0.11226126896435007,
      "p90": 0.9806989826270602
    },
    "overall_mean_gap": {
      "mean": 0.04740782355456824,
      "std": 0.05349942255021161,
      "median": 0.02809508318152472
    },
    "timestep_avg_max_gap": [
      0.046006528844965366,
      0.07478723101154507,
      0.12982881324266235,
      0.14154659784364376,
      0.13809912703321695,
      0.15489323901836172,
      0.13457612704395985,
      0.12798283429928659,
      0.12781927285172415,
      0.10134130323139759,
      0.11451635372106038,
      0.1355968917032225,
      0.14034858495971803,
      0.1463812526674281,
      0.13479443296077467,
      0.1247954526046517,
      0.10842057204401985,
      0.10235900853287562,
      0.10922306112616827,
      0.11583447361034144
    ],
    "timestep_avg_mean_gap": [
      0.020924980308421503,
      0.03835791415253138,
      0.06441838255606935,
      0.0681821015786582,
      0.0607612549145522,
      0.05988091066761973,
      0.050603527927780535,
      0.04796241175146129,
      0.04533135501838977,
      0.038541794983702596,
      0.042323632252592655,
      0.05216130701258259,
      0.05382311572662168,
      0.056660385037146814,
      0.05327836488083094,
      0.04544966631455412,
      0.039386661745359666,
      0.0361393324803656,
      0.040119996798335444,
      0.04185912869317909
    ],
    "timestep_max_gap_median": [
      0.05414782465112039,
      0.05945586650015178,
      0.11020057031511193,
      0.10124840673859248,
      0.04666219278530849,
      0.05332808531119548,
      0.03524287483651916,
      0.014515259815692707,
      0.017669351399411837,
      0.008768332073124004,
      0.007874137757675703,
      0.01223398937083522,
      0.009352123010860594,
      0.010271534975876311,
      0.010269120329679526,
      0.012178907065106926,
      0.009558286462312458,
      0.007968849170865488,
      0.008214862393184641,
      0.009158121943159344
    ],
    "timestep_max_gap_p10": [
      0.019967828643369802,
      0.02967145710341832,
      0.015197280903247314,
      0.000627515766153844,
      0.0003326024590118548,
      0.0002731799281596344,
      0.00013637649809521943,
      3.3483205732376404e-05,
      4.5026604047611035e-05,
      2.597354326599516e-05,
      2.165357285291993e-05,
      2.4004154211809683e-05,
      2.79118168651266e-05,
      6.745921455898475e-05,
      4.520289615875547e-05,
      3.753685816895559e-05,
      2.3729443411554398e-05,
      7.131179676078683e-05,
      1.9816141466133534e-05,
      1.555994814120719e-05
    ],
    "timestep_max_gap_p90": [
      0.06539811781286241,
      0.12760971322103762,
      0.25256708969286357,
      0.3647133729188256,
      0.35694270846173365,
      0.4405477226843501,
      0.4044516386336252,
      0.46648135949964314,
      0.496437479030533,
      0.34705907387248197,
      0.41057750690348743,
      0.603600278526625,
      0.5761519217042024,
      0.6443199545721845,
      0.6004313456499367,
      0.3759370184954826,
      0.35458989841285216,
      0.3626736320229563,
      0.4114912529410291,
      0.4151493196936282
    ]
  }
}