{
  "realization": {
    "'FAIL'": {
      "'FAIL'": 1.0
    },
    "(-2, -1)": {
      "(-2, -1)": 0.22669893981921505,
      "(-2, 0)": 0.012056721116084697,
      "(-2, 1)": 0.00017921677841417922,
      "(-1, -1)": 0.3528573018894554,
      "(-1, 0)": 0.017567557712491463,
      "(-1, 1)": 0.000589482603733017,
      "(0, -1)": 0.35763421813547613,
      "(0, 0)": 0.01866422284693406,
      "(0, 1)": 0.00028321553911190135,
      "(1, -1)": 0.006958093632702254,
      "(1, 0)": 0.00019966704726702688,
      "(1, 1)": 3.4570986420472156e-06,
      "(2, -1)": 0.005958169023690055,
      "(2, 0)": 0.00033525865250458965,
      "(2, 1)": 1.4478104278188284e-05,
      "'FAIL'": 0.0
    },
    "(-2, 0)": {
      "(-2, -1)": 0.07670796824952694,
      "(-2, 0)": 0.1901528638659441,
      "(-2, 1)": 0.005097090282261789,
      "(-1, -1)": 0.1045189218570801,
      "(-1, 0)": 0.24752046882786677,
      "(-1, 1)": 0.007366663399964862,
      "(0, -1)": 0.10465277609320742,
      "(0, 0)": 0.24714200227457944,
      "(0, 1)": 0.007649558554266578,
      "(1, -1)": 0.0024795891304875894,
      "(1, 0)": 0.002958909296772721,
      "(1, 1)": 0.00011014872181512518,
      "(2, -1)": 0.0016171786220301305,
      "(2, 0)": 0.0018955458827287868,
      "(2, 1)": 0.00013031494146767126,
      "'FAIL'": 0.0
    },
    "(-2, 1)": {
      "(-2, -1)": 0.02594242185455947,
      "(-2, 0)": 0.07968906743926735,
      "(-2, 1)": 0.12853931855016287,
      "(-1, -1)": 0.03821638039743884,
      "(-1, 0)": 0.1483386827149114,
      "(-1, 1)": 0.1735445181058876,
      "(0, -1)": 0.04214476824890466,
      "(0, 0)": 0.15495230837539045,
      "(0, 1)": 0.20036760039552623,
      "(1, -1)": 0.0006782238566470754,
      "(1, 0)": 0.0002733367471013904,
      "(1, 1)": 0.0023616746901372974,
      "(2, -1)": 0.0007809167466191488,
      "(2, 0)": 0.0028181350506947637,
      "(2, 1)": 0.00135264682675143,
      "'FAIL'": 0.0
    },
    "(-1, -1)": {
      "(-2, -1)": 0.0030573187521752646,
      "(-2, 0)": 0.00017097168408112645,
      "(-2, 1)": 5.797760093578236e-06,
      "(-1, -1)": 0.3593631960405061,
      "(-1, 0)": 0.01517895732169305,
      "(-1, 1)": 0.0002878238664968589,
      "(0, -1)": 0.593554878944711,
      "(0, 0)": 0.025772345732854904,
      "(0, 1)": 0.00046258638565228394,
      "(1, -1)": 0.0014108391987668696,
      "(1, 0)": 7.26206656215067e-05,
      "(1, 1)": 6.934202986632884e-06,
      "(2, -1)": 0.0006268347682788517,
      "(2, 0)": 2.7587595250030543e-05,
      "(2, 1)": 1.3070808317579837e-06,
      "'FAIL'": 0.0
    },
    "(-1, 0)": {
      "(-2, -1)": 0.0017433600459191303,
      "(-2, 0)": 0.002375736015572216,
      "(-2, 1)": 0.00011787720283957392,
      "(-1, -1)": 0.11890350061569148,
      "(-1, 0)": 0.2473557022489661,
      "(-1, 1)": 0.007283690742781931,
      "(0, -1)": 0.1846579198990233,
      "(0, 0)": 0.420296967629438,
      "(0, 1)": 0.012778597513852125,
      "(1, -1)": 0.000666236732541396,
      "(1, 0)": 0.002501004894855467,
      "(1, 1)": 3.847542654682857e-05,
      "(2, -1)": 0.00017212437556417138,
      "(2, 0)": 0.001079942195213297,
      "(2, 1)": 2.8864461194880205e-05,
      "'FAIL'": 0.0
    },
    "(-1, 1)": {
      "(-2, -1)": 0.0006768811436300916,
      "(-2, 0)": 0.0027208403842473392,
      "(-2, 1)": 0.003346556473762253,
      "(-1, -1)": 0.04632880736680887,
      "(-1, 0)": 0.13940521217772195,
      "(-1, 1)": 0.19315540652429564,
      "(0, -1)": 0.07091132045492876,
      "(0, 0)": 0.24027413213747362,
      "(0, 1)": 0.2999668795539002,
      "(1, -1)": 0.00030918125148576283,
      "(1, 0)": 0.0008274266367937736,
      "(1, 1)": 0.0011736999733778135,
      "(2, -1)": 9.039098326212905e-05,
      "(2, 0)": 0.0005475191157374753,
      "(2, 1)": 0.0002657458225744224,
      "'FAIL'": 0.0
    },
    "(0, -1)": {
      "(-2, -1)": 0.00035084639681690484,
      "(-2, 0)": 2.7265180498340426e-05,
      "(-2, 1)": 1.3788361176121336e-06,
      "(-1, -1)": 0.012699308965794066,
      "(-1, 0)": 0.0006929850867478399,
      "(-1, 1)": 2.3895955028870877e-05,
      "(0, -1)": 0.8037326872809478,
      "(0, 0)": 0.037334650237457495,
      "(0, 1)": 0.0006333262982857414,
      "(1, -1)": 0.13654116859992632,
      "(1, 0)": 0.007112630452059893,
      "(1, 1)": 0.00028426121048235643,
      "(2, -1)": 0.0005282094547789916,
      "(2, 0)": 3.5866343961079425e-05,
      "(2, 1)": 1.5197010965771513e-06,
      "'FAIL'": 0.0
    },
    "(0, 0)": {
      "(-2, -1)": 0.0001324273941875656,
      "(-2, 0)": 0.0004841908862035975,
      "(-2, 1)": 1.4516665289657049e-05,
      "(-1, -1)": 0.0033366567156496866,
      "(-1, 0)": 0.007346309647371971,
      "(-1, 1)": 0.00025993805000014934,
      "(0, -1)": 0.2620522580593425,
      "(0, 0)": 0.5687031109093796,
      "(0, 1)": 0.018109408653534255,
      "(1, -1)": 0.042191122884718504,
      "(1, 0)": 0.09362048453915423,
      "(1, 1)": 0.002991199800843967,
      "(2, -1)": 0.00017943937614876216,
      "(2, 0)": 0.0005714923221738701,
      "(2, 1)": 7.444096001676403e-06,
      "'FAIL'": 0.0
    },
    "(0, 1)": {
      "(-2, -1)": 6.555982555082779e-05,
      "(-2, 0)": 0.00029392884392285846,
      "(-2, 1)": 0.0004748947454080292,
      "(-1, -1)": 0.0012214615781946767,
      "(-1, 0)": 0.0036444729891050897,
      "(-1, 1)": 0.006270015892717064,
      "(0, -1)": 0.0953208970505848,
      "(0, 0)": 0.31744315003980916,
      "(0, 1)": 0.42901406958921745,
      "(1, -1)": 0.017110171775300775,
      "(1, 0)": 0.059067902677974946,
      "(1, 1)": 0.06930794592606927,
      "(2, -1)": 9.07558520792114e-05,
      "(2, 0)": 0.00023432634721293197,
      "(2, 1)": 0.0004404468668529852,
      "'FAIL'": 0.0
    },
    "(1, -1)": {
      "(-2, -1)": 0.0005748797123324376,
      "(-2, 0)": 3.7235712771940826e-05,
      "(-2, 1)": 1.2331670099245314e-06,
      "(-1, -1)": 0.001245855384513201,
      "(-1, 0)": 4.3684109599963854e-05,
      "(-1, 1)": 3.14085324178421e-06,
      "(0, -1)": 0.32648781718836445,
      "(0, 0)": 0.012081855285480468,
      "(0, 1)": 0.00028359162162683174,
      "(1, -1)": 0.6288295914953081,
      "(1, 0)": 0.028795063684913733,
      "(1, 1)": 0.000573407774254283,
      "(2, -1)": 0.0009671058137785312,
      "(2, 0)": 7.443312369381257e-05,
      "(2, 1)": 1.105073110660917e-06,
      "'FAIL'": 0.0
    },
    "(1, 0)": {
      "(-2, -1)": 0.00036227475520896117,
      "(-2, 0)": 0.0007180775689747501,
      "(-2, 1)": 2.4482833281194107e-05,
      "(-1, -1)": 0.0005972643643204676,
      "(-1, 0)": 0.00040772536210030157,
      "(-1, 1)": 4.6367438982535176e-05,
      "(0, -1)": 0.10053649489529833,
      "(0, 0)": 0.23112256607291085,
      "(0, 1)": 0.0054837014871921995,
      "(1, -1)": 0.20209038293257525,
      "(1, 0)": 0.44305883948216046,
      "(1, 1)": 0.013897405635074158,
      "(2, -1)": 0.00045745003322295464,
      "(2, 0)": 0.0011580150236499987,
      "(2, 1)": 3.895211504755115e-05,
      "'FAIL'": 0.0
    },
    "(1, 1)": {
      "(-2, -1)": 3.364049154514157e-05,
      "(-2, 0)": 0.00033852734068171416,
      "(-2, 1)": 0.0001360134381238435,
      "(-1, -1)": 0.00016352303140154093,
      "(-1, 0)": 0.0005848298984972643,
      "(-1, 1)": 0.0007499042594623366,
      "(0, -1)": 0.03794413163487034,
      "(0, 0)": 0.11840504373599002,
      "(0, 1)": 0.1793772203071961,
      "(1, -1)": 0.06940356647580607,
      "(1, 0)": 0.2509485316529607,
      "(1, 1)": 0.3403656068567428,
      "(2, -1)": 9.02423332541588e-05,
      "(2, 0)": 0.000607855238106034,
      "(2, 1)": 0.0008513633053618266,
      "'FAIL'": 0.0
    },
    "(2, -1)": {
      "(-2, -1)": 0.003987384413885955,
      "(-2, 0)": 0.00016777415500186796,
      "(-2, 1)": 4.024662968862837e-06,
      "(-1, -1)": 0.0036550665351346833,
      "(-1, 0)": 0.00030474415744437803,
      "(-1, 1)": 4.9711389061313825e-06,
      "(0, -1)": 0.191163229720989,
      "(0, 0)": 0.008323230008949804,
      "(0, 1)": 0.00016573220581658774,