{
  "realization": {
    "'FAIL'": {
      "'FAIL'": 1.0
    },
    "(0, 0)": {
      "(False, False)": 0.9500572880692837,
      "(True, False)": 0.032124151768166354,
      "(False, True)": 0.017818560162549932
    },
    "(0, 1)": {
      "(False, False)": 0.9497310084892537,
      "(True, False)": 0.01697489114224442,
      "(False, True)": 0.033294100368501715
    },
    "(0, 2)": {
      "(False, False)": 0.9347146418619829,
      "(True, False)": 0.022275325423321474,
      "(False, True)": 0.043010032714695605
    },
    "(0, 3)": {
      "(False, False)": 0.9351678667301653,
      "(True, False)": 0.03697445930145178,
      "(False, True)": 0.02785767396838306
    },
    "(0, 4)": {
      "(False, False)": 0.930398498605879,
      "(True, False)": 0.021405572623764843,
      "(False, True)": 0.04819592877035612
    },
    "(0, 5)": {
      "(False, False)": 0.9448448813702233,
      "(True, False)": 0.03349748515260027,
      "(False, True)": 0.021657633477176426
    },
    "(0, 6)": {
      "(False, False)": 0.9263605025346845,
      "(True, False)": 0.046794906915208885,
      "(False, True)": 0.026844590550106774
    },
    "(1, 0)": {
      "(False, False)": 0.027708671802854187,
      "(True, False)": 0.9399366196394646,
      "(False, True)": 0.03235470855768119
    },
    "(1, 1)": {
      "(False, False)": 0.951808258910815,
      "(True, False)": 0.026038256059982806,
      "(False, True)": 0.022153485029202127
    },
    "(1, 2)": {
      "(False, False)": 0.9240463663539934,
      "(True, False)": 0.03857462448266728,
      "(False, True)": 0.03737900916333932
    },
    "(1, 3)": {
      "(False, False)": 0.9356262073860672,
      "(True, False)": 0.039261057411264184,
      "(False, True)": 0.02511273520266846
    },
    "(1, 4)": {
      "(False, False)": 0.9382348073324157,
      "(True, False)": 0.038534514850133594,
      "(False, True)": 0.02323067781745069
    },
    "(1, 5)": {
      "(False, False)": 0.9425768698141489,
      "(True, False)": 0.02848112281324519,
      "(False, True)": 0.028942007372605986
    },
    "(1, 6)": {
      "(False, False)": 0.9345570552120355,
      "(True, False)": 0.037488686199055696,
      "(False, True)": 0.02795425858890883
    },
    "(2, 0)": {
      "(False, False)": 0.9364865276513792,
      "(True, False)": 0.03905224499103076,
      "(False, True)": 0.02446122735758991
    },
    "(2, 1)": {
      "(False, False)": 0.9357181342911066,
      "(True, False)": 0.04942882890207671,
      "(False, True)": 0.014853036806816851
    },
    "(2, 2)": {
      "(False, False)": 0.9377806730330346,
      "(True, False)": 0.027121121628391545,
      "(False, True)": 0.03509820533857378
    },
    "(2, 3)": {
      "(False, False)": 0.9270969652096545,
      "(True, False)": 0.03053713401889093,
      "(False, True)": 0.04236590077145455
    },
    "(2, 4)": {
      "(False, False)": 0.9433594649087584,
      "(True, False)": 0.04243170347797606,
      "(False, True)": 0.014208831613265605
    },
    "(2, 5)": {
      "(False, False)": 0.9459465088044018,
      "(True, False)": 0.03788798947494359,
      "(False, True)": 0.01616550172065461
    },
    "(2, 6)": {
      "(False, False)": 0.9478621286015868,
      "(True, False)": 0.02837542773119707,
      "(False, True)": 0.023762443667216207
    },
    "(3, 0)": {
      "(False, False)": 0.9312756145977161,
      "(True, False)": 0.028018840190280496,
      "(False, True)": 0.0407055452120034
    },
    "(3, 1)": {
      "(False, False)": 0.9540773709350006,
      "(True, False)": 0.013541046331378998,
      "(False, True)": 0.032381582733620434
    },
    "(3, 2)": {
      "(False, False)": 0.9379144235078902,
      "(True, False)": 0.042700006887499364,
      "(False, True)": 0.019385569604610423
    },
    "(3, 3)": {
      "(False, False)": 0.94456579593038,
      "(True, False)": 0.027895488546659658,
      "(False, True)": 0.02753871552296015
    },
    "(3, 4)": {
      "(False, False)": 0.9283558284867509,
      "(True, False)": 0.04483468316749588,
      "(False, True)": 0.0268094883457533
    },
    "(3, 5)": {
      "(False, False)": 0.032930299204671186,
      "(True, False)": 0.9274166605590675,
      "(False, True)": 0.03965304023626146
    },
    "(3, 6)": {
      "(False, False)": 0.9323689104062718,
      "(True, False)": 0.03057239568087598,
      "(False, True)": 0.03705869391285221
    },
    "(4, 0)": {
      "(False, False)": 0.9390769756699776,
      "(True, False)": 0.0377688600629109,
      "(False, True)": 0.023154164267111556
    },
    "(4, 1)": {
      "(False, False)": 0.92517312151581,
      "(True, False)": 0.05590928669083304,
      "(False, True)": 0.018917591793356888
    },
    "(4, 2)": {
      "(False, False)": 0.9470773682717937,
      "(True, False)": 0.007225112646030961,
      "(False, True)": 0.04569751908217532
    },
    "(4, 3)": {
      "(False, False)": 0.9476979654662733,
      "(True, False)": 0.019061770800794145,
      "(False, True)": 0.03324026373293243
    },
    "(4, 4)": {
      "(False, False)": 0.9281683270984379,
      "(True, False)": 0.03587638154684636,
      "(False, True)": 0.03595529135471576
    },
    "(4, 5)": {
      "(False, False)": 0.938337113250045,
      "(True, False)": 0.026155876176355845,
      "(False, True)": 0.0355070105735992
    },
    "(4, 6)": {
      "(False, False)": 0.9162488112422883,
      "(True, False)": 0.059576379755120715,
      "(False, True)": 0.024174809002590933
    },
    "(5, 0)": {
      "(False, False)": 0.9434300433915198,
      "(True, False)": 0.03106049613190008,
      "(False, True)": 0.025509460476579954
    },
    "(5, 1)": {
      "(False, False)": 0.935437974423054,
      "(True, False)": 0.026559644531947764,
      "(False, True)": 0.03800238104499818
    },
    "(5, 2)": {
      "(False, False)": 0.938424110765369,
      "(True, False)": 0.05072427004574195,
      "(False, True)": 0.010851619188889041
    },
    "(5, 3)": {
      "(False, False)": 0.9158461071220456,
      "(True, False)": 0.04296885479125875,
      "(False, True)": 0.0411850380866957
    },
    "(5, 4)": {
      "(False, False)": 0.9370365492361774,
      "(True, False)": 0.0170051577446,
      "(False, True)": 0.04595829301922267
    },
    "(5, 5)": {
      "(False, False)": 0.026989726768812655,
      "(True, False)": 0.9440337215454131,
      "(False, True)": 0.028976551685774298
    },
    "(5, 6)": {
      "(False, False)": 0.930240168904018,
      "(True, False)": 0.023905813893803994,
      "(False, True)": 0.04585401720217802
    },
    "(6, 0)": {
      "(False, False)": 0.9284080907927713,
      "(True, False)": 0.028095387218980562,
      "(False, True)": 0.04349652198824808
    },
    "(6, 1)": {
      "(False, False)": 0.046433139534104176,
      "(True, False)": 0.9295250642782518,
      "(False, True)": 0.02404179618764411
    },
    "(6, 2)": {
      "(False, False)": 0.9338173136626372,
      "(True, False)": 0.03090740521853578,
      "(False, True)": 0.035275281118827065
    },
    "(6, 3)": {
      "(False, False)": 0.9503022323300476,
      "(True, False)": 0.029889848937556973,
      "(False, True)": 0.019807918732395353
    },
    "(6, 4)": {
      "(False, False)": 0.9371892070665595,
      "(True, False)": 0.0267323756799521,
      "(False, True)": 0.0360784172534883
    },
    "(6, 5)": {
      "(False, False)": 0.06438828602837807,
      "(True, False)": 0.9299741764736427,
      "(False, True)": 0.005637537497979192
    },
    "(6, 6)": {
      "(False, False)": 0.03718098521784656,
      "(True, False)": 0.03716050422081224,
      "(False, True)": 0.9256585105613411
    }
  },
  "metadata": {
    "objective_score": 1.0,
    "training_config": {
      "num_candidates": 5,
      "num_trials_per_candidate": 3,
      "num_elite": 10,
      "initial_std": 0.3,
      "std_decay": 0.95,
      "min_std": 0.01,
      "seed": null
    },
    "trial_length": 20,
    "max_iterations": 5,
    "action_selector": "RandomActionSelector",