{
  "realization": {
    "'FAIL'": {
      "'FAIL'": 1.0
    },
    "(-2, -1)": {
      "(-2, -1)": 0.24041476341856383,
      "(-2, 0)": 0.010977546004514692,
      "(-2, 1)": 0.00035141418565741667,
      "(-1, -1)": 0.3669730373048317,
      "(-1, 0)": 0.014581131697680307,
      "(-1, 1)": 0.00040634013196595015,
      "(0, -1)": 0.3410328053932723,
      "(0, 0)": 0.018950722539117764,
      "(0, 1)": 0.00026574115917780364,
      "(1, -1)": 0.003064359664443756,
      "(1, 0)": 0.0003090125810785402,
      "(1, 1)": 1.6609063493919903e-05,
      "(2, -1)": 0.0023568427357228364,
      "(2, 0)": 0.00028333269074657926,
      "(2, 1)": 1.6341429732758447e-05,
      "'FAIL'": 0.0
    },
    "(-2, 0)": {
      "(-2, -1)": 0.08119120953210171,
      "(-2, 0)": 0.16714697498435974,
      "(-2, 1)": 0.004579733088861703,
      "(-1, -1)": 0.10938055609238634,
      "(-1, 0)": 0.23423321354772467,
      "(-1, 1)": 0.007386956086646849,
      "(0, -1)": 0.11659393735879188,
      "(0, 0)": 0.26333517082214003,
      "(0, 1)": 0.009642243079776765,
      "(1, -1)": 0.0007134704298321952,
      "(1, 0)": 0.0012456592046089525,
      "(1, 1)": 0.00016398577841347767,
      "(2, -1)": 0.000414550481252459,
      "(2, 0)": 0.0038753768847265093,
      "(2, 1)": 9.696262837665923e-05,
      "'FAIL'": 0.0
    },
    "(-2, 1)": {
      "(-2, -1)": 0.030837031747682382,
      "(-2, 0)": 0.11120708150144211,
      "(-2, 1)": 0.1212780827483732,
      "(-1, -1)": 0.0342401600194933,
      "(-1, 0)": 0.11733205663064597,
      "(-1, 1)": 0.18492519319822262,
      "(0, -1)": 0.04286984489526356,
      "(0, 0)": 0.13380643167409587,
      "(0, 1)": 0.21147065335757595,
      "(1, -1)": 8.821104765392974e-05,
      "(1, 0)": 0.0031052136321510528,
      "(1, 1)": 0.0024573014339791277,
      "(2, -1)": 0.00046091318947937405,
      "(2, 0)": 0.001308722649591511,
      "(2, 1)": 0.004613102274349974,
      "'FAIL'": 0.0
    },
    "(-1, -1)": {
      "(-2, -1)": 0.003390278388956906,
      "(-2, 0)": 0.00024090261108636785,
      "(-2, 1)": 1.4364866841692595e-05,
      "(-1, -1)": 0.3522230747076966,
      "(-1, 0)": 0.016597236120945335,
      "(-1, 1)": 0.0004860929067887635,
      "(0, -1)": 0.5939898235216564,
      "(0, 0)": 0.02974971989269557,
      "(0, 1)": 0.0004934243343170815,
      "(1, -1)": 0.0022938458042015882,
      "(1, 0)": 9.154190082207812e-05,
      "(1, 1)": 4.232749009657949e-06,
      "(2, -1)": 0.0003409133590265602,
      "(2, 0)": 8.235250479998945e-05,
      "(2, 1)": 2.1963311553640735e-06,
      "'FAIL'": 0.0
    },
    "(-1, 0)": {
      "(-2, -1)": 0.001800306989282888,
      "(-2, 0)": 0.004788706054493844,
      "(-2, 1)": 0.00012058115888898522,
      "(-1, -1)": 0.12078601514590284,
      "(-1, 0)": 0.23797030567193367,
      "(-1, 1)": 0.00730817641172588,
      "(0, -1)": 0.1895538851645706,
      "(0, 0)": 0.42043889269309953,
      "(0, 1)": 0.013243245436389372,
      "(1, -1)": 0.000724529400917719,
      "(1, 0)": 0.0017358560322404569,
      "(1, 1)": 4.202748120584733e-05,
      "(2, -1)": 0.0004918757868754154,
      "(2, 0)": 0.000976156981726875,
      "(2, 1)": 1.943959074605891e-05,
      "'FAIL'": 0.0
    },
    "(-1, 1)": {
      "(-2, -1)": 0.0007758189024894941,
      "(-2, 0)": 0.0025622796290940687,
      "(-2, 1)": 0.0030845750114684546,
      "(-1, -1)": 0.03809068689804033,
      "(-1, 0)": 0.12404423259443843,
      "(-1, 1)": 0.19281005447237295,
      "(0, -1)": 0.07207555225030614,
      "(0, 0)": 0.22765786917944103,
      "(0, 1)": 0.335206634744429,
      "(1, -1)": 0.0004107440802900137,
      "(1, 0)": 0.0007439950925054388,
      "(1, 1)": 0.0015237553014323007,
      "(2, -1)": 0.00015228875168117758,
      "(2, 0)": 0.0001858559354600776,
      "(2, 1)": 0.0006756571565510233,
      "'FAIL'": 0.0
    },
    "(0, -1)": {
      "(-2, -1)": 0.00039465781503572064,
      "(-2, 0)": 2.4721926350894866e-05,
      "(-2, 1)": 6.904043732053916e-07,
      "(-1, -1)": 0.011222729829374035,
      "(-1, 0)": 0.0005138759485328886,
      "(-1, 1)": 6.0667863402048686e-06,
      "(0, -1)": 0.8063215237411705,
      "(0, 0)": 0.033887394863116635,
      "(0, 1)": 0.0010575958294245257,
      "(1, -1)": 0.1392456010735995,
      "(1, 0)": 0.006663814902222045,
      "(1, 1)": 0.00010935643492425383,
      "(2, -1)": 0.0005248709088074117,
      "(2, 0)": 2.615479502917297e-05,
      "(2, 1)": 9.447416990911047e-07,
      "'FAIL'": 0.0
    },
    "(0, 0)": {
      "(-2, -1)": 0.00021912954692684594,
      "(-2, 0)": 0.0006783992756504337,
      "(-2, 1)": 1.6054285914801938e-05,
      "(-1, -1)": 0.004434135165847407,
      "(-1, 0)": 0.00804923652240435,
      "(-1, 1)": 0.00029522732453348923,
      "(0, -1)": 0.25125176539884664,
      "(0, 0)": 0.5693633363180726,
      "(0, 1)": 0.019439695959059086,
      "(1, -1)": 0.04447839285805641,
      "(1, 0)": 0.09806029729757552,
      "(1, 1)": 0.0031374854080122323,
      "(2, -1)": 9.410394264233842e-05,
      "(2, 0)": 0.0004679572746111989,
      "(2, 1)": 1.4783421846633551e-05,
      "'FAIL'": 0.0
    },
    "(0, 1)": {
      "(-2, -1)": 0.00012019642223023766,
      "(-2, 0)": 0.00037320716587344765,
      "(-2, 1)": 0.00045496290249124314,
      "(-1, -1)": 0.0019390704185020184,
      "(-1, 0)": 0.005441800237216043,
      "(-1, 1)": 0.006627473590582432,
      "(0, -1)": 0.0934761723224883,
      "(0, 0)": 0.3130445289725694,
      "(0, 1)": 0.4282762158463682,
      "(1, -1)": 0.01734094993076932,
      "(1, 0)": 0.05541974157657033,
      "(1, 1)": 0.07683600555000483,
      "(2, -1)": 0.00011322325474804553,
      "(2, 0)": 0.0002542129792673788,
      "(2, 1)": 0.000282238830318625,
      "'FAIL'": 0.0
    },
    "(1, -1)": {
      "(-2, -1)": 0.0005478314689133947,
      "(-2, 0)": 3.5109039175844086e-05,
      "(-2, 1)": 1.511579016146533e-06,
      "(-1, -1)": 0.000956946614289341,
      "(-1, 0)": 9.884247694873384e-05,
      "(-1, 1)": 4.2354135892711465e-06,
      "(0, -1)": 0.31780340404415686,
      "(0, 0)": 0.014226636900818775,
      "(0, 1)": 0.0003375836004670234,
      "(1, -1)": 0.6326653552574054,
      "(1, 0)": 0.028624712821988776,
      "(1, 1)": 0.001030226918620869,
      "(2, -1)": 0.0035790363321753955,
      "(2, 0)": 8.478386658734846e-05,
      "(2, 1)": 3.783665846816353e-06,
      "'FAIL'": 0.0
    },
    "(1, 0)": {
      "(-2, -1)": 0.00025288056243629315,
      "(-2, 0)": 0.0008623473211468388,
      "(-2, 1)": 2.33266768545737e-05,
      "(-1, -1)": 0.0005785115067522852,
      "(-1, 0)": 0.0015304996718544079,
      "(-1, 1)": 5.2882788150376424e-05,
      "(0, -1)": 0.11157416390985447,
      "(0, 0)": 0.22966019963129589,
      "(0, 1)": 0.007823638243876784,
      "(1, -1)": 0.1929047808884222,
      "(1, 0)": 0.4384606844194202,
      "(1, 1)": 0.01368721996296043,
      "(2, -1)": 0.0004106496154241239,
      "(2, 0)": 0.0021206585938784474,
      "(2, 1)": 5.755620767254764e-05,
      "'FAIL'": 0.0
    },
    "(1, 1)": {
      "(-2, -1)": 1.416785778230318e-05,
      "(-2, 0)": 0.0004461856265800754,
      "(-2, 1)": 0.00043508297042814327,
      "(-1, -1)": 0.00027646087678966417,
      "(-1, 0)": 0.0005765262691860683,
      "(-1, 1)": 0.0012421952503366752,
      "(0, -1)": 0.037253194240540424,
      "(0, 0)": 0.12444330695551563,
      "(0, 1)": 0.18049443915867697,
      "(1, -1)": 0.0776006246591529,
      "(1, 0)": 0.25115491195145345,
      "(1, 1)": 0.3231857769801233,
      "(2, -1)": 0.00048366338854639336,
      "(2, 0)": 0.0010655624440758659,
      "(2, 1)": 0.001327901370812107,
      "'FAIL'": 0.0
    },
    "(2, -1)": {
      "(-2, -1)": 0.0033117878418481403,
      "(-2, 0)": 0.00020197985322115733,
      "(-2, 1)": 5.564392102019242e-06,
      "(-1, -1)": 4.995487190060238e-05,
      "(-1, 0)": 5.383744730214336e-05,
      "(-1, 1)": 8.656162329395653e-06,
      "(0, -1)": 0.22207353613225442,
      "(0, 0)": 0.010020222692639611,
      "(0, 1)": 0.0,