{
  "realization": {
    "'FAIL'": {
      "'FAIL'": 1.0
    },
    "(-2, -1)": {
      "(-2, -1)": 0.970764047075493,
      "(-2, 0)": 0.004285554365052259,
      "(-2, 1)": 0.001449930901271321,
      "(-1, -1)": 0.00483988222348484,
      "(-1, 0)": 0.00010290730044251379,
      "(-1, 1)": 5.767761019833882e-05,
      "(0, -1)": 0.007260116048503074,
      "(0, 0)": 0.00010673771416242452,
      "(0, 1)": 5.821081910778255e-05,
      "(1, -1)": 0.0056959063757270525,
      "(1, 0)": 1.94818634551675e-05,
      "(1, 1)": 7.089583126022095e-06,
      "(2, -1)": 0.005305858647469398,
      "(2, 0)": 5.324292277150909e-06,
      "(2, 1)": 4.127518022977541e-05,
      "'FAIL'": 0.0
    },
    "(-2, 0)": {
      "(-2, -1)": 0.04550125963493108,
      "(-2, 0)": 0.9230916336945334,
      "(-2, 1)": 0.0023560781129287863,
      "(-1, -1)": 0.00047865850177022923,
      "(-1, 0)": 0.004621258336764495,
      "(-1, 1)": 0.0002549955862671729,
      "(0, -1)": 0.0002476708490949059,
      "(0, 0)": 0.012167613552945256,
      "(0, 1)": 0.00028981125890534883,
      "(1, -1)": 0.0008669627257258234,
      "(1, 0)": 0.0077580048455890335,
      "(1, 1)": 0.00023254346206502533,
      "(2, -1)": 0.0005783411120969034,
      "(2, 0)": 0.0013727001671966462,
      "(2, 1)": 0.0001824681591858593,
      "'FAIL'": 0.0
    },
    "(-2, 1)": {
      "(-2, -1)": 0.0064712574977191,
      "(-2, 0)": 0.025781730720554702,
      "(-2, 1)": 0.9453508588593869,
      "(-1, -1)": 4.525953854820119e-05,
      "(-1, 0)": 0.0003590810619280944,
      "(-1, 1)": 0.0,
      "(0, -1)": 7.929183119458617e-05,
      "(0, 0)": 0.000856236845311236,
      "(0, 1)": 0.004344645046689051,
      "(1, -1)": 3.3859307932368585e-05,
      "(1, 0)": 0.00038203404488513376,
      "(1, 1)": 0.003203991106795356,
      "(2, -1)": 9.39144942136185e-05,
      "(2, 0)": 0.0001099502633835419,
      "(2, 1)": 0.012887889381458106,
      "'FAIL'": 0.0
    },
    "(-1, -1)": {
      "(-2, -1)": 0.22307141216834206,
      "(-2, 0)": 0.004020006875094893,
      "(-2, 1)": 0.0016417144193529144,
      "(-1, -1)": 0.7285870910204815,
      "(-1, 0)": 0.0010550779316235272,
      "(-1, 1)": 0.0022529258328408534,
      "(0, -1)": 0.011985194147865369,
      "(0, 0)": 0.0007585231783629828,
      "(0, 1)": 2.6656624964223517e-05,
      "(1, -1)": 0.009731999227734147,
      "(1, 0)": 0.00011323375584631036,
      "(1, 1)": 0.0,
      "(2, -1)": 0.01651191477879601,
      "(2, 0)": 0.0002442500386952555,
      "(2, 1)": 0.0,
      "'FAIL'": 0.0
    },
    "(-1, 0)": {
      "(-2, -1)": 0.018944094982619675,
      "(-2, 0)": 0.2706178737430564,
      "(-2, 1)": 0.0009068313987054878,
      "(-1, -1)": 0.03189387934863808,
      "(-1, 0)": 0.6142161454217246,
      "(-1, 1)": 0.02467307828096432,
      "(0, -1)": 0.0033087328232098367,
      "(0, 0)": 0.010662004016190465,
      "(0, 1)": 0.0011941155040207847,
      "(1, -1)": 0.0004098169405102117,
      "(1, 0)": 0.005277993315033988,
      "(1, 1)": 0.0006822239640758256,
      "(2, -1)": 0.0016175846670943984,
      "(2, 0)": 0.015287209454009291,
      "(2, 1)": 0.00030841614014661474,
      "'FAIL'": 0.0
    },
    "(-1, 1)": {
      "(-2, -1)": 0.00029574670907637254,
      "(-2, 0)": 0.011619795087036016,
      "(-2, 1)": 0.20261418509509627,
      "(-1, -1)": 0.005070106236688639,
      "(-1, 0)": 0.035442741280825064,
      "(-1, 1)": 0.708459907831005,
      "(0, -1)": 0.00031362672379318387,
      "(0, 0)": 0.0010137342711325165,
      "(0, 1)": 0.025070509141950654,
      "(1, -1)": 0.0001500111757716459,
      "(1, 0)": 0.001169096045724139,
      "(1, 1)": 0.0027764752656085708,
      "(2, -1)": 0.00016731135793815994,
      "(2, 0)": 0.0003224419739591809,
      "(2, 1)": 0.005514311804394604,
      "'FAIL'": 0.0
    },
    "(0, -1)": {
      "(-2, -1)": 0.005492760061964754,
      "(-2, 0)": 0.00018014846819130927,
      "(-2, 1)": 0.00013954866925478774,
      "(-1, -1)": 0.07270671903536277,
      "(-1, 0)": 0.00016799903204671953,
      "(-1, 1)": 0.0008313363434763971,
      "(0, -1)": 0.717229335692476,
      "(0, 0)": 0.005368098221981911,
      "(0, 1)": 0.0044971332752322905,
      "(1, -1)": 0.1711603494224037,
      "(1, 0)": 0.0012741851558111198,
      "(1, 1)": 0.001915363704341975,
      "(2, -1)": 0.018667709460519027,
      "(2, 0)": 0.0003068623916776624,
      "(2, 1)": 6.245106525961717e-05,
      "'FAIL'": 0.0
    },
    "(0, 0)": {
      "(-2, -1)": 0.0017612177705588026,
      "(-2, 0)": 0.005264125722407447,
      "(-2, 1)": 0.0005542233493545029,
      "(-1, -1)": 0.004570380904004812,
      "(-1, 0)": 0.04870614629495563,
      "(-1, 1)": 0.0014298166008280177,
      "(0, -1)": 0.05492676050264239,
      "(0, 0)": 0.7035996249571868,
      "(0, 1)": 0.0037611969917414993,
      "(1, -1)": 0.019945994325012994,
      "(1, 0)": 0.15013267382694076,
      "(1, 1)": 0.003533855574240385,
      "(2, -1)": 0.001146454078908508,
      "(2, 0)": 0.0001357464527834096,
      "(2, 1)": 0.0005317826484341098,
      "'FAIL'": 0.0
    },
    "(0, 1)": {
      "(-2, -1)": 3.3495641295951825e-05,
      "(-2, 0)": 0.0006575494112316476,
      "(-2, 1)": 0.010940130429787687,
      "(-1, -1)": 0.0007245862924692602,
      "(-1, 0)": 0.0035925754825291965,
      "(-1, 1)": 0.07842727328928892,
      "(0, -1)": 0.0025100020833711883,
      "(0, 0)": 0.031231245742033006,
      "(0, 1)": 0.6825040617982805,
      "(1, -1)": 0.00038810358982317836,
      "(1, 0)": 0.01531446682690349,
      "(1, 1)": 0.1576674166235047,
      "(2, -1)": 0.0001828441255296129,
      "(2, 0)": 0.0011021840418661078,
      "(2, 1)": 0.014724064622085795,
      "'FAIL'": 0.0
    },
    "(1, -1)": {
      "(-2, -1)": 0.018428160613416827,
      "(-2, 0)": 0.00028469269776710686,
      "(-2, 1)": 0.00011260829510238815,
      "(-1, -1)": 0.01616396277101117,
      "(-1, 0)": 0.00044451491119157284,
      "(-1, 1)": 0.0003202385422809919,
      "(0, -1)": 0.004774125522737456,
      "(0, 0)": 0.0002425108828830024,
      "(0, 1)": 5.531203181768751e-05,
      "(1, -1)": 0.9314991707462359,
      "(1, 0)": 0.003038579945295069,
      "(1, 1)": 0.005745801331806302,
      "(2, -1)": 0.017691066513937044,
      "(2, 0)": 0.0007641232648669072,
      "(2, 1)": 0.00043513192965067605,
      "'FAIL'": 0.0
    },
    "(1, 0)": {
      "(-2, -1)": 0.0,
      "(-2, 0)": 0.011607534898540883,
      "(-2, 1)": 0.0001667976604749299,
      "(-1, -1)": 0.0010947085748010004,
      "(-1, 0)": 0.005968113275566234,
      "(-1, 1)": 0.00048411485778699015,
      "(0, -1)": 0.0013271164736484002,
      "(0, 0)": 0.008166772599264092,
      "(0, 1)": 0.00025453817847112157,
      "(1, -1)": 0.07670878508095698,
      "(1, 0)": 0.8609175084836731,
      "(1, 1)": 0.003021035876346171,
      "(2, -1)": 0.0030083055489220157,
      "(2, 0)": 0.026034346631906728,
      "(2, 1)": 0.0012403218596414712,
      "'FAIL'": 0.0
    },
    "(1, 1)": {
      "(-2, -1)": 0.00015443120491315265,
      "(-2, 0)": 0.0016199347297397824,
      "(-2, 1)": 0.008759096180463536,
      "(-1, -1)": 0.00011441209497759515,
      "(-1, 0)": 0.0007687952307670785,
      "(-1, 1)": 0.012478809352327341,
      "(0, -1)": 0.00011644241764469545,
      "(0, 0)": 0.0014158092129569469,
      "(0, 1)": 0.004115294869511595,
      "(1, -1)": 0.007513204954937798,
      "(1, 0)": 0.054582209446687964,
      "(1, 1)": 0.8869980331798575,
      "(2, -1)": 0.0007127044862181194,
      "(2, 0)": 0.0020891324586871612,
      "(2, 1)": 0.01856169018030964,
      "'FAIL'": 0.0
    },
    "(2, -1)": {
      "(-2, -1)": 0.010027002452488226,
      "(-2, 0)": 0.0001468913067138496,
      "(-2, 1)": 0.0001297655325777231,
      "(-1, -1)": 0.0039988281194531915,
      "(-1, 0)": 0.00021098494296060012,
      "(-1, 1)": 2.2486853502472417e-05,
      "(0, -1)": 0.011035722118330597,
      "(0, 0)": 0.00013982082951569905,
      "(0, 1)": 9.123382220818234e-05,
      "(1, -1)": 0.10879351705522289,