{
  "realization": {
    "'FAIL'": {
      "'FAIL'": 1.0
    },
    "(0, 0)": {
      "(False, False)": 0.9265288751005226,
      "(True, False)": 0.015344628981775582,
      "(False, True)": 0.0581264959177018
    },
    "(0, 1)": {
      "(False, False)": 0.9305656602439157,
      "(True, False)": 0.052600047035758636,
      "(False, True)": 0.016834292720325574
    },
    "(0, 2)": {
      "(False, False)": 0.9283214160259263,
      "(True, False)": 0.03897190615032129,
      "(False, True)": 0.03270667782375234
    },
    "(0, 3)": {
      "(False, False)": 0.9331516351698786,
      "(True, False)": 0.02305280445576477,
      "(False, True)": 0.04379556037435653
    },
    "(0, 4)": {
      "(False, False)": 0.9430004839733821,
      "(True, False)": 0.042362479760579864,
      "(False, True)": 0.01463703626603789
    },
    "(0, 5)": {
      "(False, False)": 0.9184240793162691,
      "(True, False)": 0.01968800708338746,
      "(False, True)": 0.061887913600343264
    },
    "(0, 6)": {
      "(False, False)": 0.912116010946828,
      "(True, False)": 0.05001282278930432,
      "(False, True)": 0.03787116626386762
    },
    "(1, 0)": {
      "(False, False)": 0.044577340927452025,
      "(True, False)": 0.9336677321228395,
      "(False, True)": 0.021754926949708556
    },
    "(1, 1)": {
      "(False, False)": 0.9263869804478897,
      "(True, False)": 0.022767563115534406,
      "(False, True)": 0.0508454564365759
    },
    "(1, 2)": {
      "(False, False)": 0.9252836138820533,
      "(True, False)": 0.03651886595508206,
      "(False, True)": 0.038197520162864526
    },
    "(1, 3)": {
      "(False, False)": 0.9244209894001099,
      "(True, False)": 0.05287117721506437,
      "(False, True)": 0.022707833384825772
    },
    "(1, 4)": {
      "(False, False)": 0.9428232439559731,
      "(True, False)": 0.0287811758692939,
      "(False, True)": 0.028395580174733107
    },
    "(1, 5)": {
      "(False, False)": 0.9475966588169218,
      "(True, False)": 0.03268174198840204,
      "(False, True)": 0.01972159919467602
    },
    "(1, 6)": {
      "(False, False)": 0.9232030708222202,
      "(True, False)": 0.04581448923544584,
      "(False, True)": 0.030982439942334093
    },
    "(2, 0)": {
      "(False, False)": 0.9508829991652008,
      "(True, False)": 0.01677987120146976,
      "(False, True)": 0.032337129633329464
    },
    "(2, 1)": {
      "(False, False)": 0.9292963911264798,
      "(True, False)": 0.031165646026060825,
      "(False, True)": 0.039537962847459474
    },
    "(2, 2)": {
      "(False, False)": 0.9234751189982499,
      "(True, False)": 0.05032418518777868,
      "(False, True)": 0.026200695813971588
    },
    "(2, 3)": {
      "(False, False)": 0.9282351068806893,
      "(True, False)": 0.0,
      "(False, True)": 0.07176489311931063
    },
    "(2, 4)": {
      "(False, False)": 0.9429139728103305,
      "(True, False)": 0.026491057566986748,
      "(False, True)": 0.03059496962268278
    },
    "(2, 5)": {
      "(False, False)": 0.923842562081231,
      "(True, False)": 0.02160045798389442,
      "(False, True)": 0.05455697993487466
    },
    "(2, 6)": {
      "(False, False)": 0.9471683475461511,
      "(True, False)": 0.01675947392437232,
      "(False, True)": 0.036072178529476674
    },
    "(3, 0)": {
      "(False, False)": 0.9436106509048021,
      "(True, False)": 0.03851279652211996,
      "(False, True)": 0.017876552573077978
    },
    "(3, 1)": {
      "(False, False)": 0.9394473039835801,
      "(True, False)": 0.03149760756374492,
      "(False, True)": 0.029055088452675043
    },
    "(3, 2)": {
      "(False, False)": 0.9222300824264054,
      "(True, False)": 0.027750360580501114,
      "(False, True)": 0.050019556993093364
    },
    "(3, 3)": {
      "(False, False)": 0.9233980308075775,
      "(True, False)": 0.03694773687032147,
      "(False, True)": 0.03965423232210102
    },
    "(3, 4)": {
      "(False, False)": 0.9369737153499215,
      "(True, False)": 0.025155312303269305,
      "(False, True)": 0.03787097234680911
    },
    "(3, 5)": {
      "(False, False)": 0.04175908016710906,
      "(True, False)": 0.9493717076827288,
      "(False, True)": 0.008869212150162103
    },
    "(3, 6)": {
      "(False, False)": 0.9552246583721941,
      "(True, False)": 0.018315894567947646,
      "(False, True)": 0.02645944705985832
    },
    "(4, 0)": {
      "(False, False)": 0.9343983289600789,
      "(True, False)": 0.03326470437463095,
      "(False, True)": 0.03233696666529016
    },
    "(4, 1)": {
      "(False, False)": 0.9383802815112557,
      "(True, False)": 0.02268403498901872,
      "(False, True)": 0.03893568349972557
    },
    "(4, 2)": {
      "(False, False)": 0.9322114537624776,
      "(True, False)": 0.03539492089874924,
      "(False, True)": 0.03239362533877324
    },
    "(4, 3)": {
      "(False, False)": 0.9440130042438947,
      "(True, False)": 0.02296893049225177,
      "(False, True)": 0.03301806526385358
    },
    "(4, 4)": {
      "(False, False)": 0.9208366717231885,
      "(True, False)": 0.03765806946399289,
      "(False, True)": 0.04150525881281868
    },
    "(4, 5)": {
      "(False, False)": 0.9245376359955101,
      "(True, False)": 0.042687626369217024,
      "(False, True)": 0.03277473763527282
    },
    "(4, 6)": {
      "(False, False)": 0.9403523480452843,
      "(True, False)": 0.02446628610400687,
      "(False, True)": 0.03518136585070886
    },
    "(5, 0)": {
      "(False, False)": 0.9328402371811468,
      "(True, False)": 0.039960879583305915,
      "(False, True)": 0.027198883235547415
    },
    "(5, 1)": {
      "(False, False)": 0.9084976913909999,
      "(True, False)": 0.036490149010814654,
      "(False, True)": 0.05501215959818545
    },
    "(5, 2)": {
      "(False, False)": 0.9402002962978006,
      "(True, False)": 0.031743582918717296,
      "(False, True)": 0.02805612078348211
    },
    "(5, 3)": {
      "(False, False)": 0.9479065317262518,
      "(True, False)": 0.024987931222146854,
      "(False, True)": 0.02710553705160128
    },
    "(5, 4)": {
      "(False, False)": 0.933533070754429,
      "(True, False)": 0.02562024141170749,
      "(False, True)": 0.04084668783386344
    },
    "(5, 5)": {
      "(False, False)": 0.01685048696688516,
      "(True, False)": 0.9257419431785977,
      "(False, True)": 0.057407569854517115
    },
    "(5, 6)": {
      "(False, False)": 0.9288157376173618,
      "(True, False)": 0.013000485412100547,
      "(False, True)": 0.05818377697053773
    },
    "(6, 0)": {
      "(False, False)": 0.9355655676588341,
      "(True, False)": 0.016565989887087372,
      "(False, True)": 0.04786844245407838
    },
    "(6, 1)": {
      "(False, False)": 0.01992010863912813,
      "(True, False)": 0.9239017744586026,
      "(False, True)": 0.05617811690226947
    },
    "(6, 2)": {
      "(False, False)": 0.9161541879707608,
      "(True, False)": 0.03052173229236916,
      "(False, True)": 0.05332407973687012
    },
    "(6, 3)": {
      "(False, False)": 0.9294297638240788,
      "(True, False)": 0.03822936663930431,
      "(False, True)": 0.03234086953661697
    },
    "(6, 4)": {
      "(False, False)": 0.9450567726415409,
      "(True, False)": 0.037054584563147155,
      "(False, True)": 0.01788864279531216
    },
    "(6, 5)": {
      "(False, False)": 0.034882965462508686,
      "(True, False)": 0.9413120770421759,
      "(False, True)": 0.023804957495315505
    },
    "(6, 6)": {
      "(False, False)": 0.024744202944923098,
      "(True, False)": 0.036905882824634924,
      "(False, True)": 0.9383499142304419
    }
  },
  "metadata": {
    "objective_score": 1.0,
    "training_config": {
      "num_candidates": 10,
      "num_trials_per_candidate": 5,
      "num_elite": 10,
      "initial_std": 0.3,
      "std_decay": 0.95,
      "min_std": 0.01,
      "seed": null
    },
    "trial_length": 25,
    "max_iterations": 10,
    "action_selector": "ShieldCompliantSelector",