{
  "realization": {
    "'FAIL'": {
      "'FAIL'": 1.0
    },
    "(-2, -1)": {
      "(-2, -1)": 0.23329792880625316,
      "(-2, 0)": 0.00852821868231609,
      "(-2, 1)": 0.00020206074658338767,
      "(-1, -1)": 0.32663923161373365,
      "(-1, 0)": 0.013405764839290294,
      "(-1, 1)": 0.00043226527913950766,
      "(0, -1)": 0.3919918584838017,
      "(0, 0)": 0.01681801734936958,
      "(0, 1)": 0.0003002836829621671,
      "(1, -1)": 0.0047848671914780825,
      "(1, 0)": 0.0003255450929142593,
      "(1, 1)": 1.0075241330820403e-05,
      "(2, -1)": 0.003135361987633858,
      "(2, 0)": 0.00011664312418418308,
      "(2, 1)": 1.1877879009247719e-05,
      "'FAIL'": 0.0
    },
    "(-2, 0)": {
      "(-2, -1)": 0.07158258720691178,
      "(-2, 0)": 0.1579114084016779,
      "(-2, 1)": 0.004309898885740921,
      "(-1, -1)": 0.10067306087071207,
      "(-1, 0)": 0.2452619023720123,
      "(-1, 1)": 0.007044426151042381,
      "(0, -1)": 0.1086550182500697,
      "(0, 0)": 0.2840996786263654,
      "(0, 1)": 0.006967249402846501,
      "(1, -1)": 0.0015333299943967175,
      "(1, 0)": 0.004058385532110423,
      "(1, 1)": 0.00011090486012797073,
      "(2, -1)": 0.002353925853639389,
      "(2, 0)": 0.005370963475042837,
      "(2, 1)": 6.726011730372441e-05,
      "'FAIL'": 0.0
    },
    "(-2, 1)": {
      "(-2, -1)": 0.022278911258221082,
      "(-2, 0)": 0.08002046167977217,
      "(-2, 1)": 0.14050924864259462,
      "(-1, -1)": 0.03229747703558093,
      "(-1, 0)": 0.12971723514903608,
      "(-1, 1)": 0.19147173243627683,
      "(0, -1)": 0.034342129118876304,
      "(0, 0)": 0.15900808588359439,
      "(0, 1)": 0.20178546993260638,
      "(1, -1)": 0.0005041990196017747,
      "(1, 0)": 0.0009687596653551836,
      "(1, 1)": 0.0018357278241743261,
      "(2, -1)": 0.000529799982316416,
      "(2, 0)": 0.0017729628216728481,
      "(2, 1)": 0.0029577995503206464,
      "'FAIL'": 0.0
    },
    "(-1, -1)": {
      "(-2, -1)": 0.004836772302321247,
      "(-2, 0)": 0.0001766683534044851,
      "(-2, 1)": 8.152052086698948e-06,
      "(-1, -1)": 0.3399174562640457,
      "(-1, 0)": 0.015774888905248665,
      "(-1, 1)": 0.00020204114289838515,
      "(0, -1)": 0.6107928696829409,
      "(0, 0)": 0.024959034157779843,
      "(0, 1)": 0.0006179074510869308,
      "(1, -1)": 0.0023319459212718047,
      "(1, 0)": 0.00013751352769675142,
      "(1, 1)": 2.7116099435804295e-06,
      "(2, -1)": 0.00020624240997372804,
      "(2, 0)": 3.369695933542005e-05,
      "(2, 1)": 2.099259966038972e-06,
      "'FAIL'": 0.0
    },
    "(-1, 0)": {
      "(-2, -1)": 0.0009575463302186831,
      "(-2, 0)": 0.0038710820753378498,
      "(-2, 1)": 0.0001301393497518151,
      "(-1, -1)": 0.11338670716130925,
      "(-1, 0)": 0.24854627604999868,
      "(-1, 1)": 0.009952948870858144,
      "(0, -1)": 0.19535431697166136,
      "(0, 0)": 0.4109763208906766,
      "(0, 1)": 0.01297776226908955,
      "(1, -1)": 0.0012831217958670354,
      "(1, 0)": 0.0015381229500976718,
      "(1, 1)": 2.3634286903533257e-05,
      "(2, -1)": 0.00025524954447267553,
      "(2, 0)": 0.0007310139944414107,
      "(2, 1)": 1.575745931579579e-05,
      "'FAIL'": 0.0
    },
    "(-1, 1)": {
      "(-2, -1)": 0.00015561279720104356,
      "(-2, 0)": 0.0018251381702280678,
      "(-2, 1)": 0.00285799112453232,
      "(-1, -1)": 0.040360483688564444,
      "(-1, 0)": 0.14943579954781894,
      "(-1, 1)": 0.1823137630444867,
      "(0, -1)": 0.06649170063530221,
      "(0, 0)": 0.22613421355515254,
      "(0, 1)": 0.32679556903159773,
      "(1, -1)": 0.00028475074112319706,
      "(1, 0)": 0.0010553495862082722,
      "(1, 1)": 0.001361576641152491,
      "(2, -1)": 0.00012862926759683293,
      "(2, 0)": 0.00027280083196152166,
      "(2, 1)": 0.0005266213370736944,
      "'FAIL'": 0.0
    },
    "(0, -1)": {
      "(-2, -1)": 0.0005154684897736655,
      "(-2, 0)": 2.4345572593921105e-05,
      "(-2, 1)": 3.0112046267165204e-07,
      "(-1, -1)": 0.011208375276597552,
      "(-1, 0)": 0.0007230884355435875,
      "(-1, 1)": 3.191726469426088e-06,
      "(0, -1)": 0.8186178746408945,
      "(0, 0)": 0.03373917669159378,
      "(0, 1)": 0.0005418531943310335,
      "(1, -1)": 0.12770492918831072,
      "(1, 0)": 0.006157277247701831,
      "(1, 1)": 0.000154439234293326,
      "(2, -1)": 0.00057769842956771,
      "(2, 0)": 3.1254471073999025e-05,
      "(2, 1)": 7.262807921126202e-07,
      "'FAIL'": 0.0
    },
    "(0, 0)": {
      "(-2, -1)": 0.00014124992780268283,
      "(-2, 0)": 0.00029367122600008227,
      "(-2, 1)": 1.870816518276292e-05,
      "(-1, -1)": 0.002049252320754983,
      "(-1, 0)": 0.008203929800951505,
      "(-1, 1)": 0.0002380957868824589,
      "(0, -1)": 0.24992018694017765,
      "(0, 0)": 0.579070018937281,
      "(0, 1)": 0.01681718855779897,
      "(1, -1)": 0.04204197830793017,
      "(1, 0)": 0.09786466050918648,
      "(1, 1)": 0.0027364569153635163,
      "(2, -1)": 9.601536850854781e-05,
      "(2, 0)": 0.0004939851129101608,
      "(2, 1)": 1.4602123268958187e-05,
      "'FAIL'": 0.0
    },
    "(0, 1)": {
      "(-2, -1)": 7.040514664967458e-05,
      "(-2, 0)": 0.0001435234459615104,
      "(-2, 1)": 0.00013352480974437208,
      "(-1, -1)": 0.0010428261720826417,
      "(-1, 0)": 0.00449312948246515,
      "(-1, 1)": 0.004916905315868041,
      "(0, -1)": 0.07791386187516276,
      "(0, 0)": 0.3318884214920861,
      "(0, 1)": 0.4392078789658007,
      "(1, -1)": 0.014239274191354514,
      "(1, 0)": 0.055661599917430166,
      "(1, 1)": 0.06991971711796331,
      "(2, -1)": 4.878932310838684e-05,
      "(2, 0)": 0.00016931504802367706,
      "(2, 1)": 0.00015082769629898087,
      "'FAIL'": 0.0
    },
    "(1, -1)": {
      "(-2, -1)": 0.0005763170127732014,
      "(-2, 0)": 1.8258581915309532e-05,
      "(-2, 1)": 1.910133298659037e-06,
      "(-1, -1)": 0.001611099834641858,
      "(-1, 0)": 5.837147632922422e-05,
      "(-1, 1)": 5.438396790893374e-06,
      "(0, -1)": 0.3269992077889433,
      "(0, 0)": 0.013200387692052094,
      "(0, 1)": 0.00036180752997227127,
      "(1, -1)": 0.6306735830952603,
      "(1, 0)": 0.024203200287250367,
      "(1, 1)": 0.0011616215120082865,
      "(2, -1)": 0.0009868484818264462,
      "(2, 0)": 0.00014007460603780318,
      "(2, 1)": 1.8735708998814514e-06,
      "'FAIL'": 0.0
    },
    "(1, 0)": {
      "(-2, -1)": 0.00014609395887594137,
      "(-2, 0)": 0.0006849411690076152,
      "(-2, 1)": 1.0518197551452349e-05,
      "(-1, -1)": 0.0004752544783615103,
      "(-1, 0)": 0.0022893343627643343,
      "(-1, 1)": 6.743561215822165e-05,
      "(0, -1)": 0.09778640895751983,
      "(0, 0)": 0.2335245926015761,
      "(0, 1)": 0.006398762499533976,
      "(1, -1)": 0.1966856995291696,
      "(1, 0)": 0.4446784427726638,
      "(1, 1)": 0.014467802617541936,
      "(2, -1)": 0.0007322871023552823,
      "(2, 0)": 0.0020088945107036697,
      "(2, 1)": 4.353163021673411e-05,
      "'FAIL'": 0.0
    },
    "(1, 1)": {
      "(-2, -1)": 9.562198378657634e-05,
      "(-2, 0)": 0.00055977200536059,
      "(-2, 1)": 0.0004683128462118701,
      "(-1, -1)": 0.00037273454392777023,
      "(-1, 0)": 0.0007819904663899989,
      "(-1, 1)": 0.0009458876940357793,
      "(0, -1)": 0.03222145625587577,
      "(0, 0)": 0.13193602129512888,
      "(0, 1)": 0.17168367451334476,
      "(1, -1)": 0.06779216813149645,
      "(1, 0)": 0.24078911265690217,
      "(1, 1)": 0.3484907464996742,
      "(2, -1)": 0.00025763612391606816,
      "(2, 0)": 0.0009654972625317907,
      "(2, 1)": 0.00263936772141732,
      "'FAIL'": 0.0
    },
    "(2, -1)": {
      "(-2, -1)": 0.00478640579066172,
      "(-2, 0)": 0.0001830916745761329,
      "(-2, 1)": 5.30191726373295e-06,
      "(-1, -1)": 0.00391199862032799,
      "(-1, 0)": 9.542172400484552e-05,
      "(-1, 1)": 1.9910416938154653e-06,
      "(0, -1)": 0.2367375901413563,
      "(0, 0)": 0.010983570426751176,
      "(0, 1)": 0.0003297174282090909,