{
  "metadata": {
    "timestamp": "2026-03-04T20:12:35.004184+00:00",
    "git_sha": "9edba5f8ed86cc03cd2ce4d5d60453e7d221060a",
    "machine": {
      "platform": "Linux-6.11.0-21-generic-x86_64-with-glibc2.36",
      "python_version": "3.11.2",
      "machine": "x86_64",
      "node": "3f00eeba5ebc"
    },
    "config": {
      "case_study_name": "cartpole",
      "build_ipomdp_fn": "<function build_cartpole_ipomdp at 0x713d333968e0>",
      "seed": 42,
      "num_trajectories": 10,
      "trajectory_length": 10,
      "initial_state": [
        1,
        1,
        1,
        1
      ],
      "initial_action": 0,
      "sampler_budget": 50,
      "sampler_k": 5,
      "sampler_likelihood_strategy": "LikelihoodSamplingStrategy.HYBRID",
      "sampler_pruning_strategy": "PruningStrategy.FARTHEST_POINT",
      "results_path": "results/prelim/coarse_cartpole_results.json",
      "ipomdp_kwargs": {
        "num_bins": 3
      }
    },
    "total_time_s": 157.45197987556458
  },
  "results": {
    "num_trajectories": 10,
    "overall_max_gap": {
      "mean": 0.9957785872149978,
      "std": 0.009122506384875577,
      "min": 0.9685823801096106,
      "max": 0.9999205964611931,
      "median": 0.9988631557835559,
      "p10": 0.994198307903965,
      "p90": 0.9998655597834831
    },
    "overall_mean_gap": {
      "mean": 0.39267784038645936,
      "std": 0.05399743367834268,
      "median": 0.4196313735622062
    },
    "timestep_avg_max_gap": [
      0.30804507519305374,
      0.6156764444674313,
      0.6928969586799708,
      0.776083902902926,
      0.8194152525122856,
      0.8654321819316039,
      0.90942374363274,
      0.9700726178381176,
      0.920842679447065,
      0.9756679511239922
    ],
    "timestep_avg_mean_gap": [
      0.15402253759652687,
      0.30783822223371565,
      0.3464484793399854,
      0.388041951451463,
      0.4097076262561428,
      0.43271609096580194,
      0.45471187181637,
      0.4850363089190588,
      0.4604213397235325,
      0.4878339755619961
    ],
    "timestep_max_gap_median": [
      0.341449980241664,
      0.5661978377739122,
      0.8734742351380795,
      0.9736954628889257,
      0.9892277305632913,
      0.9822393269367299,
      0.9819872796178919,
      0.9940819766775043,
      0.9933649135863627,
      0.9900737523358369
    ],
    "timestep_max_gap_p10": [
      0.12655899099555165,
      0.27054143145497483,
      0.23432336638334617,
      0.31988792077137645,
      0.2242762625938073,
      0.6863284771883265,
      0.7333146052857779,
      0.8947072562692653,
      0.8755053649371084,
      0.9567734644657276
    ],
    "timestep_max_gap_p90": [
      0.39171219452253636,
      0.9802913978582624,
      0.9934711456441058,
      0.9968768691207405,
      0.9976349882307488,
      0.9997549553760905,
      0.9971311969810391,
      0.9987105063022451,
      0.9970972179513921,
      0.9992037423484624
    ]
  }
}