{
  "metadata": {
    "timestamp": "2026-02-25T20:40:35.330438+00:00",
    "git_sha": "880e9f98f4c24864ec9fd45867daa0379c3e08c6",
    "machine": {
      "platform": "Linux-6.11.0-21-generic-x86_64-with-glibc2.36",
      "python_version": "3.11.2",
      "machine": "x86_64",
      "node": "3f00eeba5ebc"
    },
    "config": {
      "case_study_name": "taxinet",
      "build_ipomdp_fn": "<function build_taxinet_ipomdp at 0x7935c7469ee0>",
      "seed": 42,
      "num_trajectories": 10,
      "trajectory_length": 10,
      "initial_state": [
        0,
        0
      ],
      "initial_action": 0,
      "sampler_budget": 100,
      "sampler_k": 10,
      "sampler_likelihood_strategy": "LikelihoodSamplingStrategy.HYBRID",
      "sampler_pruning_strategy": "PruningStrategy.FARTHEST_POINT",
      "results_path": "results/prelim/coarse_taxinet_results.json",
      "ipomdp_kwargs": {}
    },
    "total_time_s": 9.001437664031982
  },
  "results": {
    "num_trajectories": 10,
    "overall_max_gap": {
      "mean": 0.31593290067933205,
      "std": 0.23967715743038093,
      "min": 0.12390504707067135,
      "max": 0.9868449299266019,
      "median": 0.24349435785348428,
      "p10": 0.13375875235399115,
      "p90": 0.49106603881910715
    },
    "overall_mean_gap": {
      "mean": 0.05645409719950245,
      "std": 0.04665261918251996,
      "median": 0.04384690319591397
    },
    "timestep_avg_max_gap": [
      0.05266257856796497,
      0.10576246102903022,
      0.13140830257911182,
      0.19170607485458357,
      0.06965040138362175,
      0.1125192453941338,
      0.148929324231792,
      0.15769842915231516,
      0.18460285806224197,
      0.18986834530927904
    ],
    "timestep_avg_mean_gap": [
      0.02624337168653894,
      0.058315370075732974,
      0.06876366919155662,
      0.1009139153140937,
      0.03450500750116103,
      0.05725155261115863,
      0.05168232872353087,
      0.054079606336864774,
      0.061942159517930855,
      0.06404757380841822
    ],
    "timestep_max_gap_median": [
      0.05948463848126359,
      0.11127393075070491,
      0.10323626849829037,
      0.19991836925033474,
      0.0366290709811774,
      0.050032586700945514,
      0.10917917031651417,
      0.10508582121458288,
      0.18068698660001214,
      0.10476751174446741
    ],
    "timestep_max_gap_p10": [
      0.025453763714539883,
      0.0671878755494589,
      0.028433026465352007,
      0.03664087154765289,
      0.005305558604783123,
      0.0014387671777042477,
      0.04954314146329373,
      0.015084485540413731,
      0.002697435053256392,
      0.0018174981821888225
    ],
    "timestep_max_gap_p90": [
      0.07570606298194266,
      0.12985020624332738,
      0.2376945355743906,
      0.32868326212495363,
      0.17609876000270674,
      0.26035038938935756,
      0.22950935009578077,
      0.3286253529973608,
      0.32533518700279374,
      0.37087813885026055
    ]
  }
}