{
  "realization": {
    "'FAIL'": {
      "'FAIL'": 1.0
    },
    "(-2, -1)": {
      "(-2, -1)": 0.21863638887536996,
      "(-2, 0)": 0.014671744779489541,
      "(-2, 1)": 0.00031690727582811746,
      "(-1, -1)": 0.34353628339292236,
      "(-1, 0)": 0.017513776998618537,
      "(-1, 1)": 0.0011104255975628622,
      "(0, -1)": 0.36040012612967653,
      "(0, 0)": 0.02345497834883805,
      "(0, 1)": 0.0003006378887267516,
      "(1, -1)": 0.00966410589249719,
      "(1, 0)": 0.0007374888207012757,
      "(1, 1)": 2.5127392304595e-05,
      "(2, -1)": 0.009582212891130842,
      "(2, 0)": 3.641098189544469e-05,
      "(2, 1)": 1.3384734437939006e-05,
      "'FAIL'": 0.0
    },
    "(-2, 0)": {
      "(-2, -1)": 0.06596539045566156,
      "(-2, 0)": 0.1447431494398447,
      "(-2, 1)": 0.0031347819916087926,
      "(-1, -1)": 0.12646734707296364,
      "(-1, 0)": 0.26653587996816497,
      "(-1, 1)": 0.007253411580308946,
      "(0, -1)": 0.1065824506434977,
      "(0, 0)": 0.2594409259203536,
      "(0, 1)": 0.008225555874866461,
      "(1, -1)": 0.0033332604453087215,
      "(1, 0)": 0.003451639456255239,
      "(1, 1)": 0.0002572247964330557,
      "(2, -1)": 0.00040834710951404745,
      "(2, 0)": 0.0037692317901549966,
      "(2, 1)": 0.0004314034550635713,
      "'FAIL'": 0.0
    },
    "(-2, 1)": {
      "(-2, -1)": 0.034782520901653076,
      "(-2, 0)": 0.08497857360602779,
      "(-2, 1)": 0.14609650783631323,
      "(-1, -1)": 0.03602093046006523,
      "(-1, 0)": 0.11375115978840158,
      "(-1, 1)": 0.17530345436394562,
      "(0, -1)": 0.033876644945406126,
      "(0, 0)": 0.14698244173600541,
      "(0, 1)": 0.20994474014017403,
      "(1, -1)": 0.0012412518383195844,
      "(1, 0)": 0.0,
      "(1, 1)": 0.004593591688829515,
      "(2, -1)": 0.0011581191021032976,
      "(2, 0)": 0.004867620950790466,
      "(2, 1)": 0.006402442641965033,
      "'FAIL'": 0.0
    },
    "(-1, -1)": {
      "(-2, -1)": 0.006562711322296526,
      "(-2, 0)": 0.00019972174603092164,
      "(-2, 1)": 1.745577215071735e-05,
      "(-1, -1)": 0.3552646318941103,
      "(-1, 0)": 0.019180587536877843,
      "(-1, 1)": 0.0001385110918546964,
      "(0, -1)": 0.5942773149772063,
      "(0, 0)": 0.022881013269865316,
      "(0, 1)": 0.0005592890528486547,
      "(1, -1)": 0.00014694434050395861,
      "(1, 0)": 8.776464731139078e-05,
      "(1, 1)": 4.665899350489112e-06,
      "(2, -1)": 0.000619591418729888,
      "(2, 0)": 5.463410803894272e-05,
      "(2, 1)": 5.162922824092315e-06,
      "'FAIL'": 0.0
    },
    "(-1, 0)": {
      "(-2, -1)": 0.0015128089633554796,
      "(-2, 0)": 0.0012195214710499713,
      "(-2, 1)": 8.195406096157183e-05,
      "(-1, -1)": 0.11615724103196129,
      "(-1, 0)": 0.24598237749284743,
      "(-1, 1)": 0.006386454851158448,
      "(0, -1)": 0.18173413727565943,
      "(0, 0)": 0.43211125009453905,
      "(0, 1)": 0.01090651613630683,
      "(1, -1)": 0.0008487437598507291,
      "(1, 0)": 0.0020531390634642636,
      "(1, 1)": 5.3799052682601247e-05,
      "(2, -1)": 0.00039815891064731344,
      "(2, 0)": 0.0005237745739144768,
      "(2, 1)": 3.012326160094659e-05,
      "'FAIL'": 0.0
    },
    "(-1, 1)": {
      "(-2, -1)": 0.000542489738723318,
      "(-2, 0)": 0.002286276556411254,
      "(-2, 1)": 0.0009379590476265863,
      "(-1, -1)": 0.045764660338598356,
      "(-1, 0)": 0.14333420352328294,
      "(-1, 1)": 0.1915930966739464,
      "(0, -1)": 0.0750997077944436,
      "(0, 0)": 0.20867547835296138,
      "(0, 1)": 0.32669615454669854,
      "(1, -1)": 0.00036328895426122816,
      "(1, 0)": 0.0010571226059126956,
      "(1, 1)": 0.0018898535798036477,
      "(2, -1)": 0.0001943630795671146,
      "(2, 0)": 0.0008768049756264337,
      "(2, 1)": 0.0006885402321366951,
      "'FAIL'": 0.0
    },
    "(0, -1)": {
      "(-2, -1)": 0.0010459814055129588,
      "(-2, 0)": 3.043650654879782e-05,
      "(-2, 1)": 1.7495101649237328e-06,
      "(-1, -1)": 0.009101285360271723,
      "(-1, 0)": 0.00035411587704530455,
      "(-1, 1)": 3.2879415508225675e-07,
      "(0, -1)": 0.8033645288353687,
      "(0, 0)": 0.03927907941365229,
      "(0, 1)": 0.0001610086325242766,
      "(1, -1)": 0.13780618424462904,
      "(1, 0)": 0.006945413796396834,
      "(1, 1)": 0.00030455185802250804,
      "(2, -1)": 0.0015209276572430543,
      "(2, 0)": 8.162211276780731e-05,
      "(2, 1)": 2.7859956967058988e-06,
      "'FAIL'": 0.0
    },
    "(0, 0)": {
      "(-2, -1)": 0.0002524044794980545,
      "(-2, 0)": 0.0005858576135003828,
      "(-2, 1)": 1.2006851670792602e-05,
      "(-1, -1)": 0.00334711604802722,
      "(-1, 0)": 0.0063882369024086585,
      "(-1, 1)": 0.0001695162299883215,
      "(0, -1)": 0.2601601059247968,
      "(0, 0)": 0.5602690782770694,
      "(0, 1)": 0.018782343474386315,
      "(1, -1)": 0.04550307685254612,
      "(1, 0)": 0.10116362462725818,
      "(1, 1)": 0.0032119297931234502,
      "(2, -1)": 0.000133869439485069,
      "(2, 0)": 1.158048824330343e-05,
      "(2, 1)": 9.252997998016797e-06,
      "'FAIL'": 0.0
    },
    "(0, 1)": {
      "(-2, -1)": 7.737356930250384e-05,
      "(-2, 0)": 0.0002101444296293912,
      "(-2, 1)": 0.00047507152278687757,
      "(-1, -1)": 0.0012085130304881537,
      "(-1, 0)": 0.0032929512915689605,
      "(-1, 1)": 0.00713767172977916,
      "(0, -1)": 0.08335931928589879,
      "(0, 0)": 0.31663101228219437,
      "(0, 1)": 0.4365858981528936,
      "(1, -1)": 0.015368856664309868,
      "(1, 0)": 0.055843318703076704,
      "(1, 1)": 0.07927498683232759,
      "(2, -1)": 0.0,
      "(2, 0)": 0.00011847807528781778,
      "(2, 1)": 0.00041640443045623147,
      "'FAIL'": 0.0
    },
    "(1, -1)": {
      "(-2, -1)": 0.0012529245066560527,
      "(-2, 0)": 9.253225566546448e-05,
      "(-2, 1)": 1.6813195185721536e-06,
      "(-1, -1)": 0.0030150415175294975,
      "(-1, 0)": 0.00019937066967223743,
      "(-1, 1)": 7.74225683993649e-06,
      "(0, -1)": 0.32470798602511425,
      "(0, 0)": 0.013803895801122507,
      "(0, 1)": 0.0006904607987168868,
      "(1, -1)": 0.6195273160327817,
      "(1, 0)": 0.03257594513156279,
      "(1, 1)": 0.0007192071375830119,
      "(2, -1)": 0.0031669442498679966,
      "(2, 0)": 0.00021870262953882204,
      "(2, 1)": 2.024966783029053e-05,
      "'FAIL'": 0.0
    },
    "(1, 0)": {
      "(-2, -1)": 0.0006206168051522236,
      "(-2, 0)": 0.0007666710921857945,
      "(-2, 1)": 2.5674855385533108e-05,
      "(-1, -1)": 0.0006794776006546651,
      "(-1, 0)": 0.002269907380127114,
      "(-1, 1)": 8.329543839862615e-05,
      "(0, -1)": 0.10329447175227512,
      "(0, 0)": 0.25177055369690565,
      "(0, 1)": 0.007609904306242914,
      "(1, -1)": 0.19392423123184832,
      "(1, 0)": 0.4216903028983045,
      "(1, 1)": 0.016106064705803606,
      "(2, -1)": 0.000631994013145508,
      "(2, 0)": 0.0005058568686361679,
      "(2, 1)": 2.097735493417285e-05,
      "'FAIL'": 0.0
    },
    "(1, 1)": {
      "(-2, -1)": 1.8645360278096265e-05,
      "(-2, 0)": 2.613856756498158e-05,
      "(-2, 1)": 0.00049870926813088,
      "(-1, -1)": 0.00016564798097834299,
      "(-1, 0)": 0.0009403525778549714,
      "(-1, 1)": 0.0010653403475470162,
      "(0, -1)": 0.03411444028314008,
      "(0, 0)": 0.13288772104970115,
      "(0, 1)": 0.19196250777499688,
      "(1, -1)": 0.058657188064764276,
      "(1, 0)": 0.24855010168824873,
      "(1, 1)": 0.32780971109366475,
      "(2, -1)": 0.000705748790470248,
      "(2, 0)": 0.0009453787619605287,
      "(2, 1)": 0.0016523683906991386,
      "'FAIL'": 0.0
    },
    "(2, -1)": {
      "(-2, -1)": 0.008721032396340856,
      "(-2, 0)": 0.0,
      "(-2, 1)": 1.8853272742233015e-05,
      "(-1, -1)": 0.004380714404421709,
      "(-1, 0)": 0.0003544124280001439,
      "(-1, 1)": 1.107490751124779e-05,
      "(0, -1)": 0.22751463478319917,
      "(0, 0)": 0.013344588851483047,
      "(0, 1)": 0.00023778145096766803,
      "(1, -1)": 0.3560961283459925,
      "(1, 0)": 0.025759517974322955,