{
  "realization": {
    "'FAIL'": {
      "'FAIL'": 1.0
    },
    "(-2, -1)": {
      "(-2, -1)": 0.2590017023548241,
      "(-2, 0)": 0.011951603347489225,
      "(-2, 1)": 0.00031002218005234084,
      "(-1, -1)": 0.32145672679745474,
      "(-1, 0)": 0.01289890929048633,
      "(-1, 1)": 0.0001688235888839911,
      "(0, -1)": 0.37315809846728576,
      "(0, 0)": 0.012241186873567823,
      "(0, 1)": 0.00035473281954049804,
      "(1, -1)": 0.004411209701508952,
      "(1, 0)": 0.00019381872292518126,
      "(1, 1)": 3.524612284103021e-06,
      "(2, -1)": 0.0036622305533199053,
      "(2, 0)": 0.00018501024229393656,
      "(2, 1)": 2.400448083086239e-06,
      "'FAIL'": 0.0
    },
    "(-2, 0)": {
      "(-2, -1)": 0.07859790436483274,
      "(-2, 0)": 0.20221091118102752,
      "(-2, 1)": 0.007082191233103374,
      "(-1, -1)": 0.10817869908785858,
      "(-1, 0)": 0.22485429416694805,
      "(-1, 1)": 0.006216214212503032,
      "(0, -1)": 0.11547620033929697,
      "(0, 0)": 0.24355147431804247,
      "(0, 1)": 0.007052106729641906,
      "(1, -1)": 0.001871158664249149,
      "(1, 0)": 0.0012244607093208854,
      "(1, 1)": 0.00014305159240733184,
      "(2, -1)": 0.001153821163898507,
      "(2, 0)": 0.002316001318352951,
      "(2, 1)": 7.151091851649685e-05,
      "'FAIL'": 0.0
    },
    "(-2, 1)": {
      "(-2, -1)": 0.03130376317860475,
      "(-2, 0)": 0.09307855499901059,
      "(-2, 1)": 0.1505625372311214,
      "(-1, -1)": 0.03708079831403416,
      "(-1, 0)": 0.13413868050266123,
      "(-1, 1)": 0.18560749032705473,
      "(0, -1)": 0.036961079031282464,
      "(0, 0)": 0.13377243020186771,
      "(0, 1)": 0.19172506026826633,
      "(1, -1)": 0.00034730474355174773,
      "(1, 0)": 0.000390258985967895,
      "(1, 1)": 0.0018231135216457695,
      "(2, -1)": 0.00047519661554014045,
      "(2, 0)": 0.0007209945751425313,
      "(2, 1)": 0.0020127375042484808,
      "'FAIL'": 0.0
    },
    "(-1, -1)": {
      "(-2, -1)": 0.005270467941308536,
      "(-2, 0)": 0.0002494736408796922,
      "(-2, 1)": 5.11837881468216e-06,
      "(-1, -1)": 0.34958302788346285,
      "(-1, 0)": 0.014930997223208472,
      "(-1, 1)": 0.0004379012217892227,
      "(0, -1)": 0.6013639574491807,
      "(0, 0)": 0.025080092897152455,
      "(0, 1)": 0.0004981746572033905,
      "(1, -1)": 0.0019354010786073084,
      "(1, 0)": 0.0001123213155537619,
      "(1, 1)": 3.1777058274867824e-06,
      "(2, -1)": 0.00048435834720759465,
      "(2, 0)": 4.42612027317098e-05,
      "(2, 1)": 1.2690570720834658e-06,
      "'FAIL'": 0.0
    },
    "(-1, 0)": {
      "(-2, -1)": 0.0016633928023564101,
      "(-2, 0)": 0.0031317834761019027,
      "(-2, 1)": 0.00010058466570147055,
      "(-1, -1)": 0.11066141597748315,
      "(-1, 0)": 0.25342212853936447,
      "(-1, 1)": 0.00729788390891888,
      "(0, -1)": 0.19998498329692888,
      "(0, 0)": 0.4086404474545953,
      "(0, 1)": 0.012169908982125813,
      "(1, -1)": 0.0008254051959151928,
      "(1, 0)": 0.0015063889299898087,
      "(1, 1)": 1.4391632323218009e-05,
      "(2, -1)": 0.00025273462607581663,
      "(2, 0)": 0.0003058248190135884,
      "(2, 1)": 2.2725693106162782e-05,
      "'FAIL'": 0.0
    },
    "(-1, 1)": {
      "(-2, -1)": 0.0003915029699553606,
      "(-2, 0)": 0.0019213266529010083,
      "(-2, 1)": 0.003711533420202558,
      "(-1, -1)": 0.0365886064937595,
      "(-1, 0)": 0.1289223244840207,
      "(-1, 1)": 0.1922477116391413,
      "(0, -1)": 0.0645016252618591,
      "(0, 0)": 0.2325740251423149,
      "(0, 1)": 0.3367818926619526,
      "(1, -1)": 0.0002452136564214421,
      "(1, 0)": 0.0010343180422347881,
      "(1, 1)": 0.0006453717490129669,
      "(2, -1)": 0.00010410639667517755,
      "(2, 0)": 0.00017410828402955814,
      "(2, 1)": 0.00015633314551902758,
      "'FAIL'": 0.0
    },
    "(0, -1)": {
      "(-2, -1)": 0.00036435668652424656,
      "(-2, 0)": 1.775875687386804e-05,
      "(-2, 1)": 6.424291754361413e-07,
      "(-1, -1)": 0.011652862518328538,
      "(-1, 0)": 0.00039119732761990264,
      "(-1, 1)": 9.93454651112515e-06,
      "(0, -1)": 0.7991384945446679,
      "(0, 0)": 0.035244894191651915,
      "(0, 1)": 0.0002968059259319079,
      "(1, -1)": 0.14617649998939786,
      "(1, 0)": 0.006259829901447924,
      "(1, 1)": 0.00012417885390004037,
      "(2, -1)": 0.00030525895534343043,
      "(2, 0)": 1.652039592759636e-05,
      "(2, 1)": 7.649766983864772e-07,
      "'FAIL'": 0.0
    },
    "(0, 0)": {
      "(-2, -1)": 0.0001121639164312798,
      "(-2, 0)": 0.0001250671363282427,
      "(-2, 1)": 1.4513456139874512e-05,
      "(-1, -1)": 0.0037061122069698958,
      "(-1, 0)": 0.0076661846650797035,
      "(-1, 1)": 0.00019315167589525244,
      "(0, -1)": 0.25593913757484443,
      "(0, 0)": 0.5706652177391978,
      "(0, 1)": 0.01705455899520739,
      "(1, -1)": 0.044861223424934496,
      "(1, 0)": 0.09585939870156515,
      "(1, 1)": 0.0034891911420751502,
      "(2, -1)": 5.427281282981941e-05,
      "(2, 0)": 0.0002568818807667974,
      "(2, 1)": 2.9246717346700703e-06,
      "'FAIL'": 0.0
    },
    "(0, 1)": {
      "(-2, -1)": 2.2909120015016676e-05,
      "(-2, 0)": 0.00012325040809083642,
      "(-2, 1)": 0.00024651397056833085,
      "(-1, -1)": 0.001420635459770165,
      "(-1, 0)": 0.002982739382209846,
      "(-1, 1)": 0.005279558784445447,
      "(0, -1)": 0.0923345779381341,
      "(0, 0)": 0.3105281674425989,
      "(0, 1)": 0.43681104129837744,
      "(1, -1)": 0.01604053061794691,
      "(1, 0)": 0.05699675205577699,
      "(1, 1)": 0.07671608493138372,
      "(2, -1)": 4.776281452293511e-05,
      "(2, 0)": 0.00010777698203011744,
      "(2, 1)": 0.00034169879412931475,
      "'FAIL'": 0.0
    },
    "(1, -1)": {
      "(-2, -1)": 0.0008031221548533072,
      "(-2, 0)": 8.255812359632603e-06,
      "(-2, 1)": 9.898399680025993e-07,
      "(-1, -1)": 0.0011560526727815953,
      "(-1, 0)": 5.54464139476529e-05,
      "(-1, 1)": 2.7316735517610505e-06,
      "(0, -1)": 0.33048153587950907,
      "(0, 0)": 0.012048558245731122,
      "(0, 1)": 0.0003557395172344313,
      "(1, -1)": 0.626909120103519,
      "(1, 0)": 0.023582349623836374,
      "(1, 1)": 0.0008892072038843272,
      "(2, -1)": 0.003586175332421631,
      "(2, 0)": 0.00011886585077390073,
      "(2, 1)": 1.8496756283029023e-06,
      "'FAIL'": 0.0
    },
    "(1, 0)": {
      "(-2, -1)": 0.00019926787298935435,
      "(-2, 0)": 0.00030651994219357527,
      "(-2, 1)": 9.721484639241062e-06,
      "(-1, -1)": 0.00030663151585611024,
      "(-1, 0)": 0.0012810910911321047,
      "(-1, 1)": 3.088107401929189e-05,
      "(0, -1)": 0.10437910505071227,
      "(0, 0)": 0.2317899126232252,
      "(0, 1)": 0.007112027094794891,
      "(1, -1)": 0.19570616830983195,
      "(1, 0)": 0.4437137567724032,
      "(1, 1)": 0.013128955103767444,
      "(2, -1)": 0.0008910261297849275,
      "(2, 0)": 0.001091799093615579,
      "(2, 1)": 5.3136841034970624e-05,
      "'FAIL'": 0.0
    },
    "(1, 1)": {
      "(-2, -1)": 3.0131665055604053e-05,
      "(-2, 0)": 0.0001286909500133228,
      "(-2, 1)": 0.00021307998360563907,
      "(-1, -1)": 3.2892147493068014e-05,
      "(-1, 0)": 0.0003188704311981946,
      "(-1, 1)": 0.0006919736948900533,
      "(0, -1)": 0.03375150871755228,
      "(0, 0)": 0.12427060683715098,
      "(0, 1)": 0.18083065366902407,
      "(1, -1)": 0.06667946350112194,
      "(1, 0)": 0.24898586595893732,
      "(1, 1)": 0.3420913026374214,
      "(2, -1)": 0.00038860569224697994,
      "(2, 0)": 0.0006769996351047667,
      "(2, 1)": 0.0009093544791842499,
      "'FAIL'": 0.0
    },
    "(2, -1)": {
      "(-2, -1)": 0.0017579593688738274,
      "(-2, 0)": 0.00012308176630657569,
      "(-2, 1)": 2.6880373209534065e-06,
      "(-1, -1)": 0.002039774695954593,
      "(-1, 0)": 4.5565990461683646e-05,
      "(-1, 1)": 1.7433718670713513e-06,
      "(0, -1)": 0.237172833620076,
      "(0, 0)": 0.007775858460057086,
      "(0, 1)": 0.00023287675977414382,