{
  "realization": {
    "'FAIL'": {
      "'FAIL'": 1.0
    },
    "(-2, -1)": {
      "(-2, -1)": 0.2554986180238361,
      "(-2, 0)": 0.008231778350073942,
      "(-2, 1)": 0.0002651903807577191,
      "(-1, -1)": 0.33066430081068926,
      "(-1, 0)": 0.012791496017781576,
      "(-1, 1)": 0.0002523522893618463,
      "(0, -1)": 0.3706643790547203,
      "(0, 0)": 0.012675247067269137,
      "(0, 1)": 0.0004650213300872325,
      "(1, -1)": 0.004092965771851247,
      "(1, 0)": 0.00019165382166375837,
      "(1, 1)": 8.249188037260364e-06,
      "(2, -1)": 0.003979572352185795,
      "(2, 0)": 0.0002173648363964045,
      "(2, 1)": 1.8107052884211757e-06,
      "'FAIL'": 0.0
    },
    "(-2, 0)": {
      "(-2, -1)": 0.0751694329235176,
      "(-2, 0)": 0.1746033091548764,
      "(-2, 1)": 0.00725375223046475,
      "(-1, -1)": 0.11119257467195856,
      "(-1, 0)": 0.22841218958419493,
      "(-1, 1)": 0.007803086967428603,
      "(0, -1)": 0.09749636441537642,
      "(0, 0)": 0.2791505982312136,
      "(0, 1)": 0.007671527970999267,
      "(1, -1)": 0.0018523504427106702,
      "(1, 0)": 0.003669893726078118,
      "(1, 1)": 0.00010034508760823881,
      "(2, -1)": 0.0011516720392632047,
      "(2, 0)": 0.004391765231985785,
      "(2, 1)": 8.11373223237334e-05,
      "'FAIL'": 0.0
    },
    "(-2, 1)": {
      "(-2, -1)": 0.02913811843180493,
      "(-2, 0)": 0.0880631638467273,
      "(-2, 1)": 0.14364500287696297,
      "(-1, -1)": 0.03527549332859192,
      "(-1, 0)": 0.14335330721565323,
      "(-1, 1)": 0.19002546664193912,
      "(0, -1)": 0.036997733576242066,
      "(0, 0)": 0.12997133122645196,
      "(0, 1)": 0.1973186002272305,
      "(1, -1)": 0.000492213578121331,
      "(1, 0)": 0.0021362908422922614,
      "(1, 1)": 0.00048493080466796025,
      "(2, -1)": 0.0,
      "(2, 0)": 0.0012135331150113303,
      "(2, 1)": 0.0018848142883032028,
      "'FAIL'": 0.0
    },
    "(-1, -1)": {
      "(-2, -1)": 0.005067070614350951,
      "(-2, 0)": 0.00023777317487067088,
      "(-2, 1)": 4.843600476913875e-06,
      "(-1, -1)": 0.3619880948821011,
      "(-1, 0)": 0.0126068004089624,
      "(-1, 1)": 0.0002579599467300787,
      "(0, -1)": 0.5932174521562882,
      "(0, 0)": 0.023676219142038445,
      "(0, 1)": 0.0006122925958626809,
      "(1, -1)": 0.0017635395825127444,
      "(1, 0)": 8.272281566343081e-05,
      "(1, 1)": 2.8952179439356692e-06,
      "(2, -1)": 0.0004509042780221888,
      "(2, 0)": 3.0492933623873685e-05,
      "(2, 1)": 9.386505523770569e-07,
      "'FAIL'": 0.0
    },
    "(-1, 0)": {
      "(-2, -1)": 0.0012754364963210758,
      "(-2, 0)": 0.003950305752719708,
      "(-2, 1)": 0.0001584288893843287,
      "(-1, -1)": 0.11241942980794103,
      "(-1, 0)": 0.2500351103783338,
      "(-1, 1)": 0.008061201343140457,
      "(0, -1)": 0.19482559657342063,
      "(0, 0)": 0.4137004684341968,
      "(0, 1)": 0.01293124031831477,
      "(1, -1)": 0.0009147923414221926,
      "(1, 0)": 0.0013801526105714826,
      "(1, 1)": 4.736301367892335e-05,
      "(2, -1)": 0.00022504838082041168,
      "(2, 0)": 4.656647285742381e-05,
      "(2, 1)": 2.8859186876932324e-05,
      "'FAIL'": 0.0
    },
    "(-1, 1)": {
      "(-2, -1)": 0.0002449003824960913,
      "(-2, 0)": 0.0021789540973527408,
      "(-2, 1)": 0.002345141308557072,
      "(-1, -1)": 0.03837247331128669,
      "(-1, 0)": 0.14191265635686032,
      "(-1, 1)": 0.19011446134595536,
      "(0, -1)": 0.06946879718229425,
      "(0, 0)": 0.2188749727312408,
      "(0, 1)": 0.3333373930023473,
      "(1, -1)": 0.00015438482350473473,
      "(1, 0)": 0.0011235626462035313,
      "(1, 1)": 0.0011108144485467496,
      "(2, -1)": 0.00011600430461783083,
      "(2, 0)": 0.00032629770718426744,
      "(2, 1)": 0.00031918635155219903,
      "'FAIL'": 0.0
    },
    "(0, -1)": {
      "(-2, -1)": 0.0,
      "(-2, 0)": 1.8792175608778318e-05,
      "(-2, 1)": 8.209267792814683e-07,
      "(-1, -1)": 0.010161472734657569,
      "(-1, 0)": 0.0005116015497766113,
      "(-1, 1)": 8.443390436025201e-06,
      "(0, -1)": 0.8072130380229148,
      "(0, 0)": 0.02992754389931645,
      "(0, 1)": 0.0008706713338207973,
      "(1, -1)": 0.1463984078180826,
      "(1, 0)": 0.004444507959543313,
      "(1, 1)": 0.00013922234930091538,
      "(2, -1)": 0.00029557408810565824,
      "(2, 0)": 9.151759159278834e-06,
      "(2, 1)": 7.519924978481009e-07,
      "'FAIL'": 0.0
    },
    "(0, 0)": {
      "(-2, -1)": 0.00013681184405529192,
      "(-2, 0)": 0.00020625146906664584,
      "(-2, 1)": 1.3796754550202503e-05,
      "(-1, -1)": 0.0038100907289873986,
      "(-1, 0)": 0.006441856728901406,
      "(-1, 1)": 0.000260035048851882,
      "(0, -1)": 0.24737835922503332,
      "(0, 0)": 0.5688112204192692,
      "(0, 1)": 0.018535724274536956,
      "(1, -1)": 0.04424879888298984,
      "(1, 0)": 0.10551438938259712,
      "(1, 1)": 0.003929421314676274,
      "(2, -1)": 0.00016715362572865478,
      "(2, 0)": 0.0005311665478450702,
      "(2, 1)": 1.4923752910758226e-05,
      "'FAIL'": 0.0
    },
    "(0, 1)": {
      "(-2, -1)": 4.734073509874578e-05,
      "(-2, 0)": 0.00024026714816511728,
      "(-2, 1)": 7.406690807126393e-05,
      "(-1, -1)": 0.0014082404616213493,
      "(-1, 0)": 0.004425718046243774,
      "(-1, 1)": 0.0055592304891847605,
      "(0, -1)": 0.08863891651410252,
      "(0, 0)": 0.302568051903116,
      "(0, 1)": 0.4378919334735272,
      "(1, -1)": 0.017620817680474497,
      "(1, 0)": 0.056278732808906766,
      "(1, 1)": 0.08485392463008332,
      "(2, -1)": 6.161182798742e-05,
      "(2, 0)": 0.0001374266200262442,
      "(2, 1)": 0.00019372075339110968,
      "'FAIL'": 0.0
    },
    "(1, -1)": {
      "(-2, -1)": 0.00028422390844946784,
      "(-2, 0)": 1.785752825424152e-05,
      "(-2, 1)": 1.8443528771779008e-06,
      "(-1, -1)": 0.0015012126673140454,
      "(-1, 0)": 6.455685419842544e-05,
      "(-1, 1)": 2.8807884944502374e-06,
      "(0, -1)": 0.33062052707882517,
      "(0, 0)": 0.015708117976181647,
      "(0, 1)": 0.0002063921074468791,
      "(1, -1)": 0.6239514731074804,
      "(1, 0)": 0.02363816484621261,
      "(1, 1)": 0.0006722843703837539,
      "(2, -1)": 0.0032207796440418273,
      "(2, 0)": 0.00010652604962926175,
      "(2, 1)": 3.158720210702013e-06,
      "'FAIL'": 0.0
    },
    "(1, 0)": {
      "(-2, -1)": 0.0003316298148108446,
      "(-2, 0)": 0.00022693936595450802,
      "(-2, 1)": 1.8134153452485405e-05,
      "(-1, -1)": 0.000349727424432982,
      "(-1, 0)": 0.0008258582682261781,
      "(-1, 1)": 3.854681004261077e-05,
      "(0, -1)": 0.10546765221615366,
      "(0, 0)": 0.22877225973420237,
      "(0, 1)": 0.008063293786209586,
      "(1, -1)": 0.2007991014740442,
      "(1, 0)": 0.43794614957647293,
      "(1, 1)": 0.013744259773206698,
      "(2, -1)": 0.0010611758027228122,
      "(2, 0)": 0.002273747721589864,
      "(2, 1)": 8.1524078478147e-05,
      "'FAIL'": 0.0
    },
    "(1, 1)": {
      "(-2, -1)": 7.406354039743706e-05,
      "(-2, 0)": 0.00017570524563873595,
      "(-2, 1)": 0.00025542376863009074,
      "(-1, -1)": 4.366852997858562e-05,
      "(-1, 0)": 0.0003991462590663194,
      "(-1, 1)": 0.0004528062046522383,
      "(0, -1)": 0.036254450965352576,
      "(0, 0)": 0.12773911710764688,
      "(0, 1)": 0.17856832507971776,
      "(1, -1)": 0.06729153628326964,
      "(1, 0)": 0.24106162268404807,
      "(1, 1)": 0.3448053164336402,
      "(2, -1)": 0.0005612414829862326,
      "(2, 0)": 0.0009160194034802144,
      "(2, 1)": 0.0014015570114951207,
      "'FAIL'": 0.0
    },
    "(2, -1)": {
      "(-2, -1)": 0.002183874020228826,
      "(-2, 0)": 0.00020013245644045444,
      "(-2, 1)": 3.71517202484689e-06,
      "(-1, -1)": 0.0026537327871917035,
      "(-1, 0)": 0.00016299876075785008,
      "(-1, 1)": 5.921035522922238e-06,
      "(0, -1)": 0.21737879425545512,
      "(0, 0)": 0.009000866120852314,
      "(0, 1)": 0.0002562571541013435,
      "(1, -1)": 0.3833738124767656,