{
  "realization": {
    "'FAIL'": {
      "'FAIL'": 1.0
    },
    "(-2, -1)": {
      "(-2, -1)": 0.23574448582407362,
      "(-2, 0)": 0.011052263823102985,
      "(-2, 1)": 0.000515778736066396,
      "(-1, -1)": 0.32569762981609335,
      "(-1, 0)": 0.016560460718592022,
      "(-1, 1)": 0.0005541668744844605,
      "(0, -1)": 0.37648420604123856,
      "(0, 0)": 0.018317764423998927,
      "(0, 1)": 0.0005425920065440374,
      "(1, -1)": 0.008238905545953397,
      "(1, 0)": 0.0003649199040314171,
      "(1, 1)": 1.1494659718556348e-05,
      "(2, -1)": 0.005638144899459661,
      "(2, 0)": 0.0002625401704623398,
      "(2, 1)": 1.4646556180338682e-05,
      "'FAIL'": 0.0
    },
    "(-2, 0)": {
      "(-2, -1)": 0.07903540942799434,
      "(-2, 0)": 0.16616093610999078,
      "(-2, 1)": 0.006041991340945828,
      "(-1, -1)": 0.10727089651330297,
      "(-1, 0)": 0.23684422690812126,
      "(-1, 1)": 0.009401226448556737,
      "(0, -1)": 0.11064717610944316,
      "(0, 0)": 0.2693693448429909,
      "(0, 1)": 0.007451490113184144,
      "(1, -1)": 0.00235574678874425,
      "(1, 0)": 0.00034433901218840934,
      "(1, 1)": 7.568637676523317e-05,
      "(2, -1)": 0.002102137151473859,
      "(2, 0)": 0.0027915530815852668,
      "(2, 1)": 0.00010783977471274674,
      "'FAIL'": 0.0
    },
    "(-2, 1)": {
      "(-2, -1)": 0.02635545446280967,
      "(-2, 0)": 0.09730521540557098,
      "(-2, 1)": 0.1302364501022818,
      "(-1, -1)": 0.04931104695711391,
      "(-1, 0)": 0.11633004138407901,
      "(-1, 1)": 0.1784235389586988,
      "(0, -1)": 0.04629069748294045,
      "(0, 0)": 0.14882246347047942,
      "(0, 1)": 0.19357151392893115,
      "(1, -1)": 0.0002584050075688985,
      "(1, 0)": 0.002404546676892221,
      "(1, 1)": 0.0033235303491717895,
      "(2, -1)": 0.0002528623554802014,
      "(2, 0)": 0.003000726924004731,
      "(2, 1)": 0.004113506533977,
      "'FAIL'": 0.0
    },
    "(-1, -1)": {
      "(-2, -1)": 0.00545029958869046,
      "(-2, 0)": 0.0003801901597124932,
      "(-2, 1)": 1.5093308131096175e-05,
      "(-1, -1)": 0.350052614186612,
      "(-1, 0)": 0.012235552629884017,
      "(-1, 1)": 0.00033823641272249366,
      "(0, -1)": 0.6060037278850917,
      "(0, 0)": 0.020642915627241895,
      "(0, 1)": 0.00026063591133284046,
      "(1, -1)": 0.0038621532981933495,
      "(1, 0)": 0.00019714440710655402,
      "(1, 1)": 3.4544342944008317e-06,
      "(2, -1)": 0.0005082541738828624,
      "(2, 0)": 4.8188506045788376e-05,
      "(2, 1)": 1.5394710580651695e-06,
      "'FAIL'": 0.0
    },
    "(-1, 0)": {
      "(-2, -1)": 0.002406390619053101,
      "(-2, 0)": 0.0026002619589800477,
      "(-2, 1)": 0.0001818323127224297,
      "(-1, -1)": 0.11258276349650187,
      "(-1, 0)": 0.24347929950427025,
      "(-1, 1)": 0.007657051551611448,
      "(0, -1)": 0.1834473216772959,
      "(0, 0)": 0.4325499332650426,
      "(0, 1)": 0.01262872631994578,
      "(1, -1)": 0.0006634157946942281,
      "(1, 0)": 0.001012628750829321,
      "(1, 1)": 4.2146233503442235e-05,
      "(2, -1)": 0.00029012650177765136,
      "(2, 0)": 0.00043933196027893216,
      "(2, 1)": 1.877005349301068e-05,
      "'FAIL'": 0.0
    },
    "(-1, 1)": {
      "(-2, -1)": 0.0008583225032346743,
      "(-2, 0)": 0.0015315417978843716,
      "(-2, 1)": 0.002779780648176791,
      "(-1, -1)": 0.030690294631883955,
      "(-1, 0)": 0.14074290352776314,
      "(-1, 1)": 0.1830715974905567,
      "(0, -1)": 0.05767955315775761,
      "(0, 0)": 0.24400099446787227,
      "(0, 1)": 0.33580751464173153,
      "(1, -1)": 0.00021471458290472215,
      "(1, 0)": 0.000358094004027688,
      "(1, 1)": 0.0015008454928684876,
      "(2, -1)": 8.063676685823661e-05,
      "(2, 0)": 0.00027857160300323006,
      "(2, 1)": 0.00040463468347653656,
      "'FAIL'": 0.0
    },
    "(0, -1)": {
      "(-2, -1)": 0.000277520161234513,
      "(-2, 0)": 3.7179541805759455e-05,
      "(-2, 1)": 7.466379381702313e-07,
      "(-1, -1)": 0.012096496673659493,
      "(-1, 0)": 0.0005376207911975266,
      "(-1, 1)": 2.2752954719968418e-05,
      "(0, -1)": 0.7942415264807061,
      "(0, 0)": 0.03553545783304032,
      "(0, 1)": 0.000591135508283027,
      "(1, -1)": 0.1490633669611932,
      "(1, 0)": 0.006334524945583466,
      "(1, 1)": 0.00030497684356469454,
      "(2, -1)": 0.0009155134780275138,
      "(2, 0)": 3.993281674771178e-05,
      "(2, 1)": 1.2483722986157043e-06,
      "'FAIL'": 0.0
    },
    "(0, 0)": {
      "(-2, -1)": 0.00016715941086315497,
      "(-2, 0)": 0.0,
      "(-2, 1)": 7.676817990983688e-06,
      "(-1, -1)": 0.003859313781124127,
      "(-1, 0)": 0.005651785717276933,
      "(-1, 1)": 0.00016055722387243622,
      "(0, -1)": 0.24487810896511938,
      "(0, 0)": 0.5761103930025404,
      "(0, 1)": 0.01493570599822249,
      "(1, -1)": 0.04231088075489738,
      "(1, 0)": 0.10742704072371156,
      "(1, 1)": 0.003907629233189604,
      "(2, -1)": 9.895721886213688e-05,
      "(2, 0)": 0.00048035484166186466,
      "(2, 1)": 4.436310667355344e-06,
      "'FAIL'": 0.0
    },
    "(0, 1)": {
      "(-2, -1)": 7.354888789427894e-05,
      "(-2, 0)": 0.0002569250570306136,
      "(-2, 1)": 0.0006144124357390789,
      "(-1, -1)": 0.0016500958537756622,
      "(-1, 0)": 0.004969205812808214,
      "(-1, 1)": 0.00680528716790244,
      "(0, -1)": 0.09161815125522103,
      "(0, 0)": 0.3040666548066333,
      "(0, 1)": 0.4191441026105685,
      "(1, -1)": 0.01646503963100196,
      "(1, 0)": 0.06588374776628843,
      "(1, 1)": 0.08758178250912507,
      "(2, -1)": 0.00011149675350864904,
      "(2, 0)": 0.00044912881730599195,
      "(2, 1)": 0.00031042063519675213,
      "'FAIL'": 0.0
    },
    "(1, -1)": {
      "(-2, -1)": 0.00034919269544233817,
      "(-2, 0)": 4.1962806722748135e-05,
      "(-2, 1)": 1.9253727411449933e-06,
      "(-1, -1)": 0.0010526462982594928,
      "(-1, 0)": 6.385306097588375e-05,
      "(-1, 1)": 4.9690904791490815e-06,
      "(0, -1)": 0.33826324751461784,
      "(0, 0)": 0.012609216013627758,
      "(0, 1)": 0.0007794511662845264,
      "(1, -1)": 0.6132650372927173,
      "(1, 0)": 0.029673564124013656,
      "(1, 1)": 0.0009265827274896188,
      "(2, -1)": 0.002692833701317467,
      "(2, 0)": 0.000265596388370868,
      "(2, 1)": 9.921746940188002e-06,
      "'FAIL'": 0.0
    },
    "(1, 0)": {
      "(-2, -1)": 0.0001511350112359948,
      "(-2, 0)": 0.0,
      "(-2, 1)": 2.277047078492985e-05,
      "(-1, -1)": 0.00010480048074469905,
      "(-1, 0)": 6.125381541806246e-05,
      "(-1, 1)": 1.6728214912883624e-06,
      "(0, -1)": 0.10749658708732,
      "(0, 0)": 0.21835313824835828,
      "(0, 1)": 0.005940180302281994,
      "(1, -1)": 0.19966619744856937,
      "(1, 0)": 0.45354472848713745,
      "(1, 1)": 0.012201034813607929,
      "(2, -1)": 0.0007888670254976157,
      "(2, 0)": 0.0016022449988643927,
      "(2, 1)": 6.538898868793592e-05,
      "'FAIL'": 0.0
    },
    "(1, 1)": {
      "(-2, -1)": 8.706522101063419e-05,
      "(-2, 0)": 0.000315156235144785,
      "(-2, 1)": 0.00030233167304109766,
      "(-1, -1)": 0.000153688201023541,
      "(-1, 0)": 0.00012862009916731347,
      "(-1, 1)": 0.0009019930360007995,
      "(0, -1)": 0.03178157592584448,
      "(0, 0)": 0.119084573717279,
      "(0, 1)": 0.17560880510833377,
      "(1, -1)": 0.07567949951914298,
      "(1, 0)": 0.26003878265761027,
      "(1, 1)": 0.33450082104304696,
      "(2, -1)": 0.00026812710901972576,
      "(2, 0)": 0.0004959063000109034,
      "(2, 1)": 0.0006530541543237918,
      "'FAIL'": 0.0
    },
    "(2, -1)": {
      "(-2, -1)": 0.005362000294332688,
      "(-2, 0)": 0.00024949384601424487,
      "(-2, 1)": 1.3245889175985731e-05,
      "(-1, -1)": 0.0022332653024041533,
      "(-1, 0)": 0.00021753535982340597,
      "(-1, 1)": 1.1670794756568663e-05,
      "(0, -1)": 0.22502805700981263,
      "(0, 0)": 0.010784660917628287,
      "(0, 1)": 0.00030505424573242727,
      "(1, -1)": 0.4089862805161424,