{
  "realization": {
    "'FAIL'": {
      "'FAIL'": 1.0
    },
    "(-2, -1)": {
      "(-2, -1)": 0.23660460375158957,
      "(-2, 0)": 0.009926168681878296,
      "(-2, 1)": 0.0002972212712975085,
      "(-1, -1)": 0.365561158438482,
      "(-1, 0)": 0.012994129849996601,
      "(-1, 1)": 0.0,
      "(0, -1)": 0.3557481151154419,
      "(0, 0)": 0.011523098683119971,
      "(0, 1)": 0.0003773046372851738,
      "(1, -1)": 0.0038754784626650273,
      "(1, 0)": 0.00011840512478522683,
      "(1, 1)": 2.2449647057120244e-05,
      "(2, -1)": 0.0024792487078476796,
      "(2, 0)": 0.00046497569656322123,
      "(2, 1)": 7.641931990657233e-06,
      "'FAIL'": 0.0
    },
    "(-2, 0)": {
      "(-2, -1)": 0.07593802497613317,
      "(-2, 0)": 0.18219749453826364,
      "(-2, 1)": 0.007451109900381368,
      "(-1, -1)": 0.10912868586129351,
      "(-1, 0)": 0.24617051716625182,
      "(-1, 1)": 0.006020897178289117,
      "(0, -1)": 0.11075438813492032,
      "(0, 0)": 0.24310931362773772,
      "(0, 1)": 0.008477393081638283,
      "(1, -1)": 0.0023563819823252574,
      "(1, 0)": 0.007319407102026275,
      "(1, 1)": 0.00018406788075532091,
      "(2, -1)": 0.0006536934981752477,
      "(2, 0)": 0.0002022157344456439,
      "(2, 1)": 3.640933736339811e-05,
      "'FAIL'": 0.0
    },
    "(-2, 1)": {
      "(-2, -1)": 0.022973011435245484,
      "(-2, 0)": 0.09483383458265805,
      "(-2, 1)": 0.1589238256050642,
      "(-1, -1)": 0.03228985688365091,
      "(-1, 0)": 0.13265601267044966,
      "(-1, 1)": 0.20294886624988998,
      "(0, -1)": 0.03375645227503247,
      "(0, 0)": 0.1193905346961109,
      "(0, 1)": 0.19184737108089148,
      "(1, -1)": 0.00019570653659733945,
      "(1, 0)": 0.001213190013617296,
      "(1, 1)": 0.0029416107121371256,
      "(2, -1)": 0.00012714078191176123,
      "(2, 0)": 0.0009997106656956809,
      "(2, 1)": 0.004902875811047664,
      "'FAIL'": 0.0
    },
    "(-1, -1)": {
      "(-2, -1)": 0.0056530056545184264,
      "(-2, 0)": 0.0003196876488239665,
      "(-2, 1)": 1.206814459787086e-05,
      "(-1, -1)": 0.336055569368416,
      "(-1, 0)": 0.01578797629370103,
      "(-1, 1)": 0.0002563161011751128,
      "(0, -1)": 0.6030617034861312,
      "(0, 0)": 0.03447516131836059,
      "(0, 1)": 0.0007221424651794458,
      "(1, -1)": 0.0015885162896471649,
      "(1, 0)": 0.0002030329455121016,
      "(1, 1)": 7.279128607885118e-06,
      "(2, -1)": 0.0017970608666047943,
      "(2, 0)": 5.8120751495935006e-05,
      "(2, 1)": 2.359537228475301e-06,
      "'FAIL'": 0.0
    },
    "(-1, 0)": {
      "(-2, -1)": 0.0011017184311429727,
      "(-2, 0)": 0.0017556912850483048,
      "(-2, 1)": 0.0001418278935840528,
      "(-1, -1)": 0.1130539250907464,
      "(-1, 0)": 0.24189609020089217,
      "(-1, 1)": 0.007199355402416365,
      "(0, -1)": 0.18483652428488548,
      "(0, 0)": 0.4339756291292769,
      "(0, 1)": 0.012942402355475443,
      "(1, -1)": 0.0007435811321006099,
      "(1, 0)": 0.0012907285455470716,
      "(1, 1)": 3.1424921380781055e-05,
      "(2, -1)": 0.0002031039471600492,
      "(2, 0)": 0.0007978390897830283,
      "(2, 1)": 3.015829056041383e-05,
      "'FAIL'": 0.0
    },
    "(-1, 1)": {
      "(-2, -1)": 0.00034572413774044177,
      "(-2, 0)": 0.002821778627815677,
      "(-2, 1)": 0.0025779400069076627,
      "(-1, -1)": 0.03839893503706105,
      "(-1, 0)": 0.12490133104035553,
      "(-1, 1)": 0.18741542305488723,
      "(0, -1)": 0.08097289426328629,
      "(0, 0)": 0.23043172020236669,
      "(0, 1)": 0.32790912889933715,
      "(1, -1)": 0.0002219282875099774,
      "(1, 0)": 0.0017443462540592469,
      "(1, 1)": 0.0010539783364884793,
      "(2, -1)": 0.0002581142736481631,
      "(2, 0)": 0.0004645668766194802,
      "(2, 1)": 0.0004821907019169637,
      "'FAIL'": 0.0
    },
    "(0, -1)": {
      "(-2, -1)": 0.00015375282919223853,
      "(-2, 0)": 3.1399274243279983e-05,
      "(-2, 1)": 1.1261348419256679e-06,
      "(-1, -1)": 0.008559504536412927,
      "(-1, 0)": 0.00038844139025265403,
      "(-1, 1)": 6.77332055271552e-06,
      "(0, -1)": 0.8011153084749322,
      "(0, 0)": 0.03720845125240228,
      "(0, 1)": 0.0008332158400110995,
      "(1, -1)": 0.14537059621974388,
      "(1, 0)": 0.005781603458743552,
      "(1, 1)": 0.0,
      "(2, -1)": 0.0005295843304060806,
      "(2, 0)": 1.902225224221243e-05,
      "(2, 1)": 1.220686023038611e-06,
      "'FAIL'": 0.0
    },
    "(0, 0)": {
      "(-2, -1)": 0.0001257745802079053,
      "(-2, 0)": 0.00023336728776325632,
      "(-2, 1)": 6.182955403980429e-06,
      "(-1, -1)": 0.0027901097997097978,
      "(-1, 0)": 0.006729595718755239,
      "(-1, 1)": 0.00019010282574826256,
      "(0, -1)": 0.24536101633064697,
      "(0, 0)": 0.5709278518614548,
      "(0, 1)": 0.015792317814073708,
      "(1, -1)": 0.046829603809406935,
      "(1, 0)": 0.106549961850678,
      "(1, 1)": 0.0036692601162343673,
      "(2, -1)": 0.00027922547593849106,
      "(2, 0)": 0.0005025104483220424,
      "(2, 1)": 1.311912565627888e-05,
      "'FAIL'": 0.0
    },
    "(0, 1)": {
      "(-2, -1)": 0.00010283449434097046,
      "(-2, 0)": 0.00038071939246618267,
      "(-2, 1)": 0.00029165062696341734,
      "(-1, -1)": 0.0011891153286526345,
      "(-1, 0)": 0.003315589024392403,
      "(-1, 1)": 0.004088558557447151,
      "(0, -1)": 0.0754485214292357,
      "(0, 0)": 0.3353633319787729,
      "(0, 1)": 0.424447057489285,
      "(1, -1)": 0.01776457316435642,
      "(1, 0)": 0.054699960622442007,
      "(1, 1)": 0.08195853751764201,
      "(2, -1)": 7.2742098349413e-05,
      "(2, 0)": 0.00023558362746315228,
      "(2, 1)": 0.0006412246481906638,
      "'FAIL'": 0.0
    },
    "(1, -1)": {
      "(-2, -1)": 0.00014797446766715515,
      "(-2, 0)": 3.266509504285625e-05,
      "(-2, 1)": 1.9307160780456154e-06,
      "(-1, -1)": 0.0008889701024873529,
      "(-1, 0)": 7.711699563780434e-05,
      "(-1, 1)": 4.999355433696048e-06,
      "(0, -1)": 0.33638766176419854,
      "(0, 0)": 0.01818490751012186,
      "(0, 1)": 0.000358989532465341,
      "(1, -1)": 0.6152130218733155,
      "(1, 0)": 0.023857067540752137,
      "(1, 1)": 0.001025355149316233,
      "(2, -1)": 0.0036857397175767636,
      "(2, 0)": 0.0001208453053148286,
      "(2, 1)": 1.275487459183356e-05,
      "'FAIL'": 0.0
    },
    "(1, 0)": {
      "(-2, -1)": 0.0003978263452455576,
      "(-2, 0)": 0.0010985108927729032,
      "(-2, 1)": 2.2648133158960665e-05,
      "(-1, -1)": 0.00016677784184981277,
      "(-1, 0)": 0.0011429977830058492,
      "(-1, 1)": 4.8739914165411144e-05,
      "(0, -1)": 0.11002906575069794,
      "(0, 0)": 0.2226573198366219,
      "(0, 1)": 0.009143071855348727,
      "(1, -1)": 0.20190709317612257,
      "(1, 0)": 0.43472779105390874,
      "(1, 1)": 0.013652535732407794,
      "(2, -1)": 0.0012368450156739087,
      "(2, 0)": 0.003720903737253722,
      "(2, 1)": 4.7872931766159744e-05,
      "'FAIL'": 0.0
    },
    "(1, 1)": {
      "(-2, -1)": 7.900741449858319e-05,
      "(-2, 0)": 0.0003546219015826974,
      "(-2, 1)": 0.00035705333584807014,
      "(-1, -1)": 0.0002088418498469062,
      "(-1, 0)": 0.000552628739154914,
      "(-1, 1)": 0.000887927706531372,
      "(0, -1)": 0.030788711786497825,
      "(0, 0)": 0.1168348871259787,
      "(0, 1)": 0.17678185841225785,
      "(1, -1)": 0.06915948675873755,
      "(1, 0)": 0.26441237259295836,
      "(1, 1)": 0.3376579345763896,
      "(2, -1)": 0.00022597966181680905,
      "(2, 0)": 0.0011117680527277303,
      "(2, 1)": 0.0005869200851728714,
      "'FAIL'": 0.0
    },
    "(2, -1)": {
      "(-2, -1)": 0.003449005734541619,
      "(-2, 0)": 0.00032537902126335294,
      "(-2, 1)": 1.091448187461339e-05,
      "(-1, -1)": 0.003924662992281641,
      "(-1, 0)": 0.00014358958701015656,
      "(-1, 1)": 9.629583478112828e-06,
      "(0, -1)": 0.18874222852862507,
      "(0, 0)": 0.011575507961112294,
      "(0, 1)": 0.0006605407411295367,
      "(1, -1)": 0.39147781008181687,