{
  "realization": {
    "'FAIL'": {
      "'FAIL'": 1.0
    },
    "(-2, -1)": {
      "(-2, -1)": 0.22237905884506665,
      "(-2, 0)": 0.011824760107612227,
      "(-2, 1)": 0.00032432831656825856,
      "(-1, -1)": 0.34661233095980254,
      "(-1, 0)": 0.013582894936343109,
      "(-1, 1)": 1.4737245652559619e-05,
      "(0, -1)": 0.38383836735845134,
      "(0, 0)": 0.01413536178929266,
      "(0, 1)": 0.0003602855319853478,
      "(1, -1)": 0.00534938584687415,
      "(1, 0)": 0.0003872382115127211,
      "(1, 1)": 1.08902994835414e-06,
      "(2, -1)": 0.001047094941386586,
      "(2, 0)": 0.0001356080609943604,
      "(2, 1)": 7.45881850916177e-06,
      "'FAIL'": 0.0
    },
    "(-2, 0)": {
      "(-2, -1)": 0.07301211032979506,
      "(-2, 0)": 0.15751660907853002,
      "(-2, 1)": 0.005675155810953131,
      "(-1, -1)": 0.10877455268794517,
      "(-1, 0)": 0.2552292682430467,
      "(-1, 1)": 0.006853416379745036,
      "(0, -1)": 0.09927865013792105,
      "(0, 0)": 0.27635990587392617,
      "(0, 1)": 0.00919627396276377,
      "(1, -1)": 0.0017163143139855763,
      "(1, 0)": 0.004815256072732383,
      "(1, 1)": 9.919308750290577e-05,
      "(2, -1)": 0.00015380799828943492,
      "(2, 0)": 0.0012414075713643533,
      "(2, 1)": 7.807845149922456e-05,
      "'FAIL'": 0.0
    },
    "(-2, 1)": {
      "(-2, -1)": 0.029725618879820982,
      "(-2, 0)": 0.09671192269685835,
      "(-2, 1)": 0.14637523581810447,
      "(-1, -1)": 0.040086571950863896,
      "(-1, 0)": 0.12472383954122263,
      "(-1, 1)": 0.19461971784909854,
      "(0, -1)": 0.04254908603812954,
      "(0, 0)": 0.12066632964485126,
      "(0, 1)": 0.1964454281881966,
      "(1, -1)": 0.00046264075638381973,
      "(1, 0)": 0.001427777747949567,
      "(1, 1)": 0.0029654308157144064,
      "(2, -1)": 0.00022782665741819278,
      "(2, 0)": 0.002024056984071181,
      "(2, 1)": 0.0009885164313167042,
      "'FAIL'": 0.0
    },
    "(-1, -1)": {
      "(-2, -1)": 0.005083040595366818,
      "(-2, 0)": 0.0002097546388090289,
      "(-2, 1)": 9.530213730145122e-06,
      "(-1, -1)": 0.3505107142687867,
      "(-1, 0)": 0.0127445645331103,
      "(-1, 1)": 0.00025382835412536813,
      "(0, -1)": 0.5994512352261137,
      "(0, 0)": 0.029228206402069183,
      "(0, 1)": 8.455710754182246e-05,
      "(1, -1)": 0.0017786079286843273,
      "(1, 0)": 0.00011193086808403229,
      "(1, 1)": 4.132520893806979e-06,
      "(2, -1)": 0.0004884571936328934,
      "(2, 0)": 4.0224263775173626e-05,
      "(2, 1)": 1.2158852767098446e-06,
      "'FAIL'": 0.0
    },
    "(-1, 0)": {
      "(-2, -1)": 0.0015153800372802507,
      "(-2, 0)": 0.0028157696118203466,
      "(-2, 1)": 0.00012777163328633745,
      "(-1, -1)": 0.10954955684698839,
      "(-1, 0)": 0.24273182801687165,
      "(-1, 1)": 0.008713400108936245,
      "(0, -1)": 0.1915928144597277,
      "(0, 0)": 0.4238536536228511,
      "(0, 1)": 0.01581684270011704,
      "(1, -1)": 0.0006808986003950886,
      "(1, 0)": 0.002075470816558257,
      "(1, 1)": 6.138452649515111e-05,
      "(2, -1)": 0.0003394643381637011,
      "(2, 0)": 0.0001257646805088265,
      "(2, 1)": 0.0,
      "'FAIL'": 0.0
    },
    "(-1, 1)": {
      "(-2, -1)": 0.00029836834277759204,
      "(-2, 0)": 0.002170606884108665,
      "(-2, 1)": 0.002291678027685289,
      "(-1, -1)": 0.03520154632635302,
      "(-1, 0)": 0.1355812082051652,
      "(-1, 1)": 0.18894614302237867,
      "(0, -1)": 0.07132751797096273,
      "(0, 0)": 0.2375277971352306,
      "(0, 1)": 0.3242931457322172,
      "(1, -1)": 4.437607861468868e-05,
      "(1, 0)": 0.0007534352017332805,
      "(1, 1)": 0.0011791668347547269,
      "(2, -1)": 0.00010494419619961251,
      "(2, 0)": 0.0,
      "(2, 1)": 0.000280066041818752,
      "'FAIL'": 0.0
    },
    "(0, -1)": {
      "(-2, -1)": 0.0005850746746104851,
      "(-2, 0)": 7.16723981487794e-06,
      "(-2, 1)": 5.266971147796389e-07,
      "(-1, -1)": 0.010102575063542294,
      "(-1, 0)": 0.00043468393170133045,
      "(-1, 1)": 3.273003551059304e-06,
      "(0, -1)": 0.7974383991517081,
      "(0, 0)": 0.03617027340083205,
      "(0, 1)": 0.0007730525189912975,
      "(1, -1)": 0.14724992419546393,
      "(1, 0)": 0.006502946817989493,
      "(1, 1)": 0.00024261118657169012,
      "(2, -1)": 0.0004654645700190639,
      "(2, 0)": 2.3357383373916387e-05,
      "(2, 1)": 6.701647156738944e-07,
      "'FAIL'": 0.0
    },
    "(0, 0)": {
      "(-2, -1)": 0.0001167258647430141,
      "(-2, 0)": 0.0001422370393179297,
      "(-2, 1)": 4.817605900902787e-06,
      "(-1, -1)": 0.0023443516275342617,
      "(-1, 0)": 0.007629982522136508,
      "(-1, 1)": 0.00015420549643496045,
      "(0, -1)": 0.2472232063588616,
      "(0, 0)": 0.5711264205461775,
      "(0, 1)": 0.01763817650695408,
      "(1, -1)": 0.045212338881193186,
      "(1, 0)": 0.104857722766972,
      "(1, 1)": 0.002984299348083628,
      "(2, -1)": 0.00016552928039793938,
      "(2, 0)": 0.00038945753756412994,
      "(2, 1)": 1.0528617728516517e-05,
      "'FAIL'": 0.0
    },
    "(0, 1)": {
      "(-2, -1)": 5.056199715071523e-05,
      "(-2, 0)": 0.00027561028781791536,
      "(-2, 1)": 0.0002664009311629724,
      "(-1, -1)": 0.0013474599499322382,
      "(-1, 0)": 0.003905399527350809,
      "(-1, 1)": 0.0047867702397685384,
      "(0, -1)": 0.08923077040453584,
      "(0, 0)": 0.30749226985009903,
      "(0, 1)": 0.44040846149028756,
      "(1, -1)": 0.01660872321907492,
      "(1, 0)": 0.05717060564016585,
      "(1, 1)": 0.07801018510812062,
      "(2, -1)": 7.412506896199012e-05,
      "(2, 0)": 0.00020903473336303073,
      "(2, 1)": 0.0001636215522080194,
      "'FAIL'": 0.0
    },
    "(1, -1)": {
      "(-2, -1)": 0.0004012118547715315,
      "(-2, 0)": 1.0388740166785816e-05,
      "(-2, 1)": 7.893278441347795e-07,
      "(-1, -1)": 0.0012258243245676821,
      "(-1, 0)": 4.058954985709087e-05,
      "(-1, 1)": 1.1676243697254713e-06,
      "(0, -1)": 0.33310706320230804,
      "(0, 0)": 0.012110173949493385,
      "(0, 1)": 0.00029579479206627167,
      "(1, -1)": 0.6246390150615013,
      "(1, 0)": 0.02504074391322452,
      "(1, 1)": 0.0007218554975311918,
      "(2, -1)": 0.002343055524724029,
      "(2, 0)": 6.205700184284529e-05,
      "(2, 1)": 2.696357314984081e-07,
      "'FAIL'": 0.0
    },
    "(1, 0)": {
      "(-2, -1)": 0.00027085624303732695,
      "(-2, 0)": 0.0003322614579251913,
      "(-2, 1)": 1.1799918038205497e-05,
      "(-1, -1)": 0.0002287901972447009,
      "(-1, 0)": 0.0011870587433868553,
      "(-1, 1)": 3.0828055098522015e-05,
      "(0, -1)": 0.10517497414405254,
      "(0, 0)": 0.22689275686714183,
      "(0, 1)": 0.00788288877315931,
      "(1, -1)": 0.19906612790856906,
      "(1, 0)": 0.44051994856222076,
      "(1, 1)": 0.015021582045379383,
      "(2, -1)": 0.0009798939369014357,
      "(2, 0)": 0.0022946016491895076,
      "(2, 1)": 0.00010563149865532853,
      "'FAIL'": 0.0
    },
    "(1, 1)": {
      "(-2, -1)": 0.0,
      "(-2, 0)": 2.1924442884856175e-05,
      "(-2, 1)": 0.0002488806145070811,
      "(-1, -1)": 1.6789622331382094e-05,
      "(-1, 0)": 0.0007223419953195519,
      "(-1, 1)": 0.00030891814989114435,
      "(0, -1)": 0.035602764527974014,
      "(0, 0)": 0.1300577938965046,
      "(0, 1)": 0.18037332706687864,
      "(1, -1)": 0.07278841297202078,
      "(1, 0)": 0.23766016625222927,
      "(1, 1)": 0.3405625200557012,
      "(2, -1)": 0.00020240188389186622,
      "(2, 0)": 0.00046382780732668406,
      "(2, 1)": 0.0009699307125389629,
      "'FAIL'": 0.0
    },
    "(2, -1)": {
      "(-2, -1)": 0.0012372959885371972,
      "(-2, 0)": 0.00021673892932187063,
      "(-2, 1)": 2.752681755717593e-06,
      "(-1, -1)": 0.00334116034956985,
      "(-1, 0)": 5.98510837342857e-05,
      "(-1, 1)": 3.7531300924562763e-06,
      "(0, -1)": 0.20463833756029576,
      "(0, 0)": 0.008422429408927993,
      "(0, 1)": 0.00035993201272506805,
      "(1, -1)": 0.40222741572694987,