{
  "realization": {
    "'FAIL'": {
      "'FAIL'": 1.0
    },
    "(-2, -1)": {
      "(-2, -1)": 0.25418895514526574,
      "(-2, 0)": 0.010359167503380853,
      "(-2, 1)": 0.00018807392932772643,
      "(-1, -1)": 0.32464829671599316,
      "(-1, 0)": 0.012937255539920136,
      "(-1, 1)": 7.717567348142419e-05,
      "(0, -1)": 0.37562770022562675,
      "(0, 0)": 0.014872722683846042,
      "(0, 1)": 0.0004274918740011193,
      "(1, -1)": 0.0028022760978785987,
      "(1, 0)": 9.854777936745774e-05,
      "(1, 1)": 2.4349483637391535e-06,
      "(2, -1)": 0.0035020506806663055,
      "(2, 0)": 0.0002645076122958739,
      "(2, 1)": 3.3435905851816683e-06,
      "'FAIL'": 0.0
    },
    "(-2, 0)": {
      "(-2, -1)": 0.07382752065562453,
      "(-2, 0)": 0.17629522282292048,
      "(-2, 1)": 0.006735151970182545,
      "(-1, -1)": 0.11313260803789642,
      "(-1, 0)": 0.233425252195376,
      "(-1, 1)": 0.006474889570975362,
      "(0, -1)": 0.10514141255223959,
      "(0, 0)": 0.2707289132522931,
      "(0, 1)": 0.00885580152486749,
      "(1, -1)": 0.0010530604975887265,
      "(1, 0)": 0.001967645686750028,
      "(1, 1)": 8.377769129105694e-05,
      "(2, -1)": 0.0012898828714973931,
      "(2, 0)": 0.0009692002235921973,
      "(2, 1)": 1.9660446905011297e-05,
      "'FAIL'": 0.0
    },
    "(-2, 1)": {
      "(-2, -1)": 0.027274081863095836,
      "(-2, 0)": 0.10163063314049335,
      "(-2, 1)": 0.1398070645407348,
      "(-1, -1)": 0.040804334150905536,
      "(-1, 0)": 0.12530305107315912,
      "(-1, 1)": 0.18231793655670395,
      "(0, -1)": 0.045355844854106146,
      "(0, 0)": 0.13123766810231466,
      "(0, 1)": 0.1998057646122142,
      "(1, -1)": 0.00016385564613061288,
      "(1, 0)": 0.0016277115597491407,
      "(1, 1)": 0.0010160523477849444,
      "(2, -1)": 0.00024671792106734075,
      "(2, 0)": 0.0018338744726916173,
      "(2, 1)": 0.0015754091588487211,
      "'FAIL'": 0.0
    },
    "(-1, -1)": {
      "(-2, -1)": 0.005357666585814864,
      "(-2, 0)": 0.0003022370491842586,
      "(-2, 1)": 7.867204673593799e-06,
      "(-1, -1)": 0.3499884140054825,
      "(-1, 0)": 0.014453778327638755,
      "(-1, 1)": 0.00030406772707207365,
      "(0, -1)": 0.6064020731992434,
      "(0, 0)": 0.02126478609197538,
      "(0, 1)": 0.0003502925247283327,
      "(1, -1)": 0.0011652768325666302,
      "(1, 0)": 6.757066184847675e-05,
      "(1, 1)": 1.4200229107463038e-06,
      "(2, -1)": 0.0003102055365187005,
      "(2, 0)": 2.3810042524780654e-05,
      "(2, 1)": 5.34187817534873e-07,
      "'FAIL'": 0.0
    },
    "(-1, 0)": {
      "(-2, -1)": 0.0011035323077820199,
      "(-2, 0)": 0.004324871350862269,
      "(-2, 1)": 0.00013415145096976318,
      "(-1, -1)": 0.11074007059658038,
      "(-1, 0)": 0.24281439584273118,
      "(-1, 1)": 0.008121344559880039,
      "(0, -1)": 0.1849819292725256,
      "(0, 0)": 0.4319875173779309,
      "(0, 1)": 0.01380505787422346,
      "(1, -1)": 0.0005125587443494577,
      "(1, 0)": 0.001223942705939918,
      "(1, 1)": 2.7970843588546983e-05,
      "(2, -1)": 0.00010916244151358818,
      "(2, 0)": 0.00011255301866531852,
      "(2, 1)": 9.416124575423914e-07,
      "'FAIL'": 0.0
    },
    "(-1, 1)": {
      "(-2, -1)": 0.0005011884328653651,
      "(-2, 0)": 0.001795015839156081,
      "(-2, 1)": 0.003397125833289557,
      "(-1, -1)": 0.039557968504835624,
      "(-1, 0)": 0.13637204616814322,
      "(-1, 1)": 0.18893211142043345,
      "(0, -1)": 0.06851549474249763,
      "(0, 0)": 0.23081226308236819,
      "(0, 1)": 0.3272690160325986,
      "(1, -1)": 0.0001555383766613967,
      "(1, 0)": 0.0006862593578688706,
      "(1, 1)": 0.0013797576079777052,
      "(2, -1)": 6.535537832162933e-05,
      "(2, 0)": 0.00019657861391917465,
      "(2, 1)": 0.00036428060906353434,
      "'FAIL'": 0.0
    },
    "(0, -1)": {
      "(-2, -1)": 0.0003204043740540998,
      "(-2, 0)": 7.725446540532091e-06,
      "(-2, 1)": 1.4769983671837798e-07,
      "(-1, -1)": 0.010630258112891488,
      "(-1, 0)": 0.00043799942457102445,
      "(-1, 1)": 8.217508089370498e-06,
      "(0, -1)": 0.8007965277162657,
      "(0, 0)": 0.03680020056105223,
      "(0, 1)": 0.00048141442494131114,
      "(1, -1)": 0.14439448502965552,
      "(1, 0)": 0.005690359096473607,
      "(1, 1)": 0.0001187862154665502,
      "(2, -1)": 0.00030124216340902184,
      "(2, 0)": 1.2209559755062463e-05,
      "(2, 1)": 2.266699766586811e-08,
      "'FAIL'": 0.0
    },
    "(0, 0)": {
      "(-2, -1)": 8.495799101298491e-05,
      "(-2, 0)": 0.00012554265483070444,
      "(-2, 1)": 4.317836035945359e-06,
      "(-1, -1)": 0.0030745389540968804,
      "(-1, 0)": 0.006062328176138613,
      "(-1, 1)": 0.00023771579972879666,
      "(0, -1)": 0.25016613314973596,
      "(0, 0)": 0.568990710094544,
      "(0, 1)": 0.017519554664618808,
      "(1, -1)": 0.04637781995150572,
      "(1, 0)": 0.10332564615498634,
      "(1, 1)": 0.003715833054714626,
      "(2, -1)": 5.743790598470254e-05,
      "(2, 0)": 0.0002501321629439199,
      "(2, 1)": 7.33144912189639e-06,
      "'FAIL'": 0.0
    },
    "(0, 1)": {
      "(-2, -1)": 4.452212244569636e-05,
      "(-2, 0)": 0.0001360118911333725,
      "(-2, 1)": 0.0002455857994351324,
      "(-1, -1)": 0.001119260550030852,
      "(-1, 0)": 0.004338676189779986,
      "(-1, 1)": 0.005465864430475148,
      "(0, -1)": 0.09091822127163927,
      "(0, 0)": 0.31363666201226353,
      "(0, 1)": 0.4331506088221198,
      "(1, -1)": 0.018137445307715213,
      "(1, 0)": 0.05709401039526467,
      "(1, 1)": 0.07543140209669966,
      "(2, -1)": 4.018656876184968e-05,
      "(2, 0)": 0.00010213339084154064,
      "(2, 1)": 0.00013940915139426502,
      "'FAIL'": 0.0
    },
    "(1, -1)": {
      "(-2, -1)": 0.00022544138076915628,
      "(-2, 0)": 0.0,
      "(-2, 1)": 6.567925776541559e-07,
      "(-1, -1)": 0.0010183810884223836,
      "(-1, 0)": 3.2408564997620025e-05,
      "(-1, 1)": 9.243231965645269e-07,
      "(0, -1)": 0.3352504499372299,
      "(0, 0)": 0.015101186630203139,
      "(0, 1)": 0.0003396791165586309,
      "(1, -1)": 0.6234535488978309,
      "(1, 0)": 0.021828194941764495,
      "(1, 1)": 0.0002455738335749161,
      "(2, -1)": 0.002438884455541048,
      "(2, 0)": 6.380262499276308e-05,
      "(2, 1)": 8.674123408822159e-07,
      "'FAIL'": 0.0
    },
    "(1, 0)": {
      "(-2, -1)": 0.00016960816110443114,
      "(-2, 0)": 0.0002531166297973895,
      "(-2, 1)": 9.197231760734482e-06,
      "(-1, -1)": 0.00022322595098733512,
      "(-1, 0)": 0.000648099517334506,
      "(-1, 1)": 1.6757271397576913e-05,
      "(0, -1)": 0.10525805953345704,
      "(0, 0)": 0.23310024416377964,
      "(0, 1)": 0.007878357985983103,
      "(1, -1)": 0.19914578786406467,
      "(1, 0)": 0.43529757104472994,
      "(1, 1)": 0.015073112994873406,
      "(2, -1)": 0.0008697234691118099,
      "(2, 0)": 0.0020035973759969894,
      "(2, 1)": 5.354080562148605e-05,
      "'FAIL'": 0.0
    },
    "(1, 1)": {
      "(-2, -1)": 6.236641935104002e-05,
      "(-2, 0)": 0.00011548181175870062,
      "(-2, 1)": 0.0002656439735791123,
      "(-1, -1)": 6.210089522289044e-05,
      "(-1, 0)": 0.0005632422805875729,
      "(-1, 1)": 0.0002860015511103807,
      "(0, -1)": 0.03785560397031566,
      "(0, 0)": 0.12958559519145466,
      "(0, 1)": 0.1760388204515272,
      "(1, -1)": 0.07150803209493217,
      "(1, 0)": 0.23755468026415086,
      "(1, 1)": 0.34335672704467063,
      "(2, -1)": 0.00024302180900515288,
      "(2, 0)": 0.0009692595030281113,
      "(2, 1)": 0.0015334227393057902,
      "'FAIL'": 0.0
    },
    "(2, -1)": {
      "(-2, -1)": 0.0017677748344423713,
      "(-2, 0)": 9.518818516813461e-05,
      "(-2, 1)": 1.758568089684725e-06,
      "(-1, -1)": 0.0006866560105143196,
      "(-1, 0)": 5.0291067369508406e-05,
      "(-1, 1)": 8.158286965672411e-07,
      "(0, -1)": 0.22701431696800403,
      "(0, 0)": 0.009278000294851547,
      "(0, 1)": 0.00029210254544726166,