{
  "realization": {
    "'FAIL'": {
      "'FAIL'": 1.0
    },
    "(-2, -1)": {
      "(-2, -1)": 0.25473813360251657,
      "(-2, 0)": 0.011707097879995524,
      "(-2, 1)": 0.00024473559663969885,
      "(-1, -1)": 0.3180496536659847,
      "(-1, 0)": 0.013112324204809282,
      "(-1, 1)": 1.2194043858611913e-05,
      "(0, -1)": 0.3781227291514756,
      "(0, 0)": 0.014097743501032375,
      "(0, 1)": 0.0004664934835957259,
      "(1, -1)": 0.0028291089706703487,
      "(1, 0)": 0.00024584786207789756,
      "(1, 1)": 6.505061220616248e-06,
      "(2, -1)": 0.006293939104254024,
      "(2, 0)": 6.857610402461183e-05,
      "(2, 1)": 4.917767844392122e-06,
      "'FAIL'": 0.0
    },
    "(-2, 0)": {
      "(-2, -1)": 0.08038486947301125,
      "(-2, 0)": 0.17734907422750532,
      "(-2, 1)": 0.006745417477710376,
      "(-1, -1)": 0.11649677879141368,
      "(-1, 0)": 0.22900878048341636,
      "(-1, 1)": 0.008728668782008642,
      "(0, -1)": 0.11015786199345946,
      "(0, 0)": 0.24940606853304453,
      "(0, 1)": 0.007949323842109403,
      "(1, -1)": 0.001794881820645731,
      "(1, 0)": 0.005034704125111177,
      "(1, 1)": 5.5732360944413546e-05,
      "(2, -1)": 0.0017178992526776667,
      "(2, 0)": 0.005086681498076839,
      "(2, 1)": 8.325733886513556e-05,
      "'FAIL'": 0.0
    },
    "(-2, 1)": {
      "(-2, -1)": 0.030073675079293163,
      "(-2, 0)": 0.09209483821014541,
      "(-2, 1)": 0.14737932831100417,
      "(-1, -1)": 0.03663843117869441,
      "(-1, 0)": 0.138495608078311,
      "(-1, 1)": 0.19552363470334416,
      "(0, -1)": 0.032115250496979456,
      "(0, 0)": 0.1276353880822327,
      "(0, 1)": 0.19194338048118517,
      "(1, -1)": 0.0002919623661459071,
      "(1, 0)": 0.0022114198919318748,
      "(1, 1)": 0.0012322535023458771,
      "(2, -1)": 0.0007578746277779604,
      "(2, 0)": 0.0019880243501114695,
      "(2, 1)": 0.001618930640497241,
      "'FAIL'": 0.0
    },
    "(-1, -1)": {
      "(-2, -1)": 0.0056064126245800065,
      "(-2, 0)": 0.0002758136031635675,
      "(-2, 1)": 2.3641974804826287e-06,
      "(-1, -1)": 0.3626595990505524,
      "(-1, 0)": 0.013570949584890154,
      "(-1, 1)": 0.0002707249675758258,
      "(0, -1)": 0.5932150042102236,
      "(0, 0)": 0.020972815634217573,
      "(0, 1)": 0.0005497633767925709,
      "(1, -1)": 0.002544883616969108,
      "(1, 0)": 0.0001242144860643335,
      "(1, 1)": 5.179967914446958e-06,
      "(2, -1)": 0.00020042385818665068,
      "(2, 0)": 0.0,
      "(2, 1)": 1.85082138930956e-06,
      "'FAIL'": 0.0
    },
    "(-1, 0)": {
      "(-2, -1)": 0.0014396452147272523,
      "(-2, 0)": 0.0026052983064467935,
      "(-2, 1)": 0.0001507521625999666,
      "(-1, -1)": 0.11025317814855287,
      "(-1, 0)": 0.24614558446878662,
      "(-1, 1)": 0.007436382152725811,
      "(0, -1)": 0.19431240201196034,
      "(0, 0)": 0.4232374128116122,
      "(0, 1)": 0.012425337022486679,
      "(1, -1)": 0.0006594226480648672,
      "(1, 0)": 0.0009034823095298574,
      "(1, 1)": 4.04973963786671e-05,
      "(2, -1)": 0.00016606674938836525,
      "(2, 0)": 0.00021525451446441785,
      "(2, 1)": 9.28408227530224e-06,
      "'FAIL'": 0.0
    },
    "(-1, 1)": {
      "(-2, -1)": 0.0006840590328244716,
      "(-2, 0)": 0.0022682701817934164,
      "(-2, 1)": 0.0021437226522231932,
      "(-1, -1)": 0.035901969772341044,
      "(-1, 0)": 0.13168540089808847,
      "(-1, 1)": 0.19465580096744603,
      "(0, -1)": 0.059147842478235985,
      "(0, 0)": 0.23386418677080265,
      "(0, 1)": 0.33725869237124667,
      "(1, -1)": 0.0001898834076075428,
      "(1, 0)": 0.00044879417414757003,
      "(1, 1)": 0.0010181395089259235,
      "(2, -1)": 0.00010731308124920198,
      "(2, 0)": 0.00018700812178138514,
      "(2, 1)": 0.00043891658128634097,
      "'FAIL'": 0.0
    },
    "(0, -1)": {
      "(-2, -1)": 0.00012810321648106977,
      "(-2, 0)": 8.917355944970894e-06,
      "(-2, 1)": 5.910020199264716e-07,
      "(-1, -1)": 0.010924845359911166,
      "(-1, 0)": 0.0004154245672414449,
      "(-1, 1)": 4.502800090484758e-06,
      "(0, -1)": 0.8125763215757875,
      "(0, 0)": 0.026358302123391388,
      "(0, 1)": 0.00021850931474808367,
      "(1, -1)": 0.14368535858869622,
      "(1, 0)": 0.004831848271119712,
      "(1, 1)": 0.00019649286782536858,
      "(2, -1)": 0.0006353236304180638,
      "(2, 0)": 1.465306454142607e-05,
      "(2, 1)": 8.062617833624371e-07,
      "'FAIL'": 0.0
    },
    "(0, 0)": {
      "(-2, -1)": 0.000172016775753148,
      "(-2, 0)": 0.00022659557601098303,
      "(-2, 1)": 1.1571861272420373e-05,
      "(-1, -1)": 0.003033049040022355,
      "(-1, 0)": 0.007109335681584961,
      "(-1, 1)": 0.0001725882140232518,
      "(0, -1)": 0.25939449378802465,
      "(0, 0)": 0.5671892782498248,
      "(0, 1)": 0.016826613602153918,
      "(1, -1)": 0.04705901249392301,
      "(1, 0)": 0.0951000556649043,
      "(1, 1)": 0.003308508177264149,
      "(2, -1)": 0.00028548086018672546,
      "(2, 0)": 9.538468846876229e-05,
      "(2, 1)": 1.6015326582692474e-05,
      "'FAIL'": 0.0
    },
    "(0, 1)": {
      "(-2, -1)": 6.462855897936244e-05,
      "(-2, 0)": 0.00023834468997660873,
      "(-2, 1)": 3.6397455794877885e-05,
      "(-1, -1)": 0.0013671201499884985,
      "(-1, 0)": 0.004421381073304439,
      "(-1, 1)": 0.004258791403366451,
      "(0, -1)": 0.08831845725713067,
      "(0, 0)": 0.3158678007147534,
      "(0, 1)": 0.4363572288025675,
      "(1, -1)": 0.01721191533509353,
      "(1, 0)": 0.0525821846300921,
      "(1, 1)": 0.07880981216289386,
      "(2, -1)": 5.314997610051894e-05,
      "(2, 0)": 0.0001484455054823659,
      "(2, 1)": 0.00026434228447589443,
      "'FAIL'": 0.0
    },
    "(1, -1)": {
      "(-2, -1)": 0.0001713598025614169,
      "(-2, 0)": 2.377767271819693e-05,
      "(-2, 1)": 7.565859776986556e-07,
      "(-1, -1)": 0.0012732698013397832,
      "(-1, 0)": 3.661539177844767e-05,
      "(-1, 1)": 3.0594122794617694e-06,
      "(0, -1)": 0.3364554869158124,
      "(0, 0)": 0.010474695017680925,
      "(0, 1)": 0.0002675120887182985,
      "(1, -1)": 0.6228865631525765,
      "(1, 0)": 0.025596452291536845,
      "(1, 1)": 0.0003767178060434383,
      "(2, -1)": 0.0022924316313376876,
      "(2, 0)": 0.00013895699490781754,
      "(2, 1)": 2.3454347309746037e-06,
      "'FAIL'": 0.0
    },
    "(1, 0)": {
      "(-2, -1)": 0.000344277550123951,
      "(-2, 0)": 0.0004174351304720897,
      "(-2, 1)": 1.250917819067462e-05,
      "(-1, -1)": 0.0004433418739871277,
      "(-1, 0)": 0.000495598247380286,
      "(-1, 1)": 3.159883625574929e-05,
      "(0, -1)": 0.10520352809391786,
      "(0, 0)": 0.22939223323406321,
      "(0, 1)": 0.006434998183916119,
      "(1, -1)": 0.19695693627414818,
      "(1, 0)": 0.4419014590334273,
      "(1, 1)": 0.01456582001605505,
      "(2, -1)": 0.001060687094908371,
      "(2, 0)": 0.002654095547113949,
      "(2, 1)": 8.548170604007568e-05,
      "'FAIL'": 0.0
    },
    "(1, 1)": {
      "(-2, -1)": 7.252472004943369e-05,
      "(-2, 0)": 0.0003162921608538573,
      "(-2, 1)": 0.00016976746788235314,
      "(-1, -1)": 0.0001268319402767147,
      "(-1, 0)": 0.00026165980602308044,
      "(-1, 1)": 0.0006299183716318238,
      "(0, -1)": 0.038126873750993426,
      "(0, 0)": 0.12656369512141116,
      "(0, 1)": 0.17413874614658584,
      "(1, -1)": 0.07662977786867003,
      "(1, 0)": 0.23170468507122666,
      "(1, 1)": 0.3486190409463964,
      "(2, -1)": 0.0003684438368254029,
      "(2, 0)": 0.0011457018230072347,
      "(2, 1)": 0.001126040968166701,
      "'FAIL'": 0.0
    },
    "(2, -1)": {
      "(-2, -1)": 0.0008563360547996834,
      "(-2, 0)": 2.0853902596345204e-05,
      "(-2, 1)": 3.987774804429795e-06,
      "(-1, -1)": 0.0017112052551596525,
      "(-1, 0)": 9.744096454127234e-06,
      "(-1, 1)": 4.661543771109297e-06,
      "(0, -1)": 0.22827219262331425,
      "(0, 0)": 0.009493656820631895,
      "(0, 1)": 0.00025686237217536806,