{
  "realization": {
    "'FAIL'": {
      "'FAIL'": 1.0
    },
    "(-2, -1)": {
      "(-2, -1)": 0.25420340316087436,
      "(-2, 0)": 0.009374639496320891,
      "(-2, 1)": 0.00026980794843943403,
      "(-1, -1)": 0.33301388744851973,
      "(-1, 0)": 0.018028701270837184,
      "(-1, 1)": 0.00014127573767449156,
      "(0, -1)": 0.36527222834062256,
      "(0, 0)": 0.015644611317454038,
      "(0, 1)": 0.00016023805034643874,
      "(1, -1)": 0.0016949069789180132,
      "(1, 0)": 3.979271928447738e-05,
      "(1, 1)": 5.951778147968351e-06,
      "(2, -1)": 0.0018189057797097273,
      "(2, 0)": 0.0003260788627084834,
      "(2, 1)": 5.571110142175633e-06,
      "'FAIL'": 0.0
    },
    "(-2, 0)": {
      "(-2, -1)": 0.06719752794258489,
      "(-2, 0)": 0.1788495625070627,
      "(-2, 1)": 0.005669176776177024,
      "(-1, -1)": 0.10210850406010938,
      "(-1, 0)": 0.23851798399776103,
      "(-1, 1)": 0.008999440745212655,
      "(0, -1)": 0.12206379511482515,
      "(0, 0)": 0.26209780586513604,
      "(0, 1)": 0.008155977372683238,
      "(1, -1)": 0.00035278144771320606,
      "(1, 0)": 0.0036466812220113613,
      "(1, 1)": 3.5810312310831355e-05,
      "(2, -1)": 0.001366132810485367,
      "(2, 0)": 0.0009388198259271119,
      "(2, 1)": 0.0,
      "'FAIL'": 0.0
    },
    "(-2, 1)": {
      "(-2, -1)": 0.026080864138597313,
      "(-2, 0)": 0.09646301139826327,
      "(-2, 1)": 0.13892396161242931,
      "(-1, -1)": 0.03636792213795485,
      "(-1, 0)": 0.13362033234413329,
      "(-1, 1)": 0.20026226890269214,
      "(0, -1)": 0.03517943772143766,
      "(0, 0)": 0.13878793557154442,
      "(0, 1)": 0.1868816352589159,
      "(1, -1)": 0.000605950420494992,
      "(1, 0)": 0.0012923937433711994,
      "(1, 1)": 0.0033990014651213967,
      "(2, -1)": 7.632571361850882e-05,
      "(2, 0)": 0.0003376111998714516,
      "(2, 1)": 0.001721348371554306,
      "'FAIL'": 0.0
    },
    "(-1, -1)": {
      "(-2, -1)": 0.006014841113006082,
      "(-2, 0)": 0.00028218564506672666,
      "(-2, 1)": 6.95679970256678e-06,
      "(-1, -1)": 0.3569376101285687,
      "(-1, 0)": 0.01488696400623822,
      "(-1, 1)": 0.0004505306160167798,
      "(0, -1)": 0.594524837809425,
      "(0, 0)": 0.0233829047546609,
      "(0, 1)": 0.0004032981944627221,
      "(1, -1)": 0.0018548273644667425,
      "(1, 0)": 9.82986935647334e-05,
      "(1, 1)": 4.178386499943092e-06,
      "(2, -1)": 0.0011220332642065856,
      "(2, 0)": 2.9469591732091934e-05,
      "(2, 1)": 1.0636323823190737e-06,
      "'FAIL'": 0.0
    },
    "(-1, 0)": {
      "(-2, -1)": 0.0009508675267151247,
      "(-2, 0)": 0.0026548953377619304,
      "(-2, 1)": 0.00011041631133470913,
      "(-1, -1)": 0.11281248542418854,
      "(-1, 0)": 0.2388916111064009,
      "(-1, 1)": 0.0068663260823368195,
      "(0, -1)": 0.1933974900735634,
      "(0, 0)": 0.42778994454007774,
      "(0, 1)": 0.014256686798241032,
      "(1, -1)": 0.000590457583484381,
      "(1, 0)": 0.0015074462239287835,
      "(1, 1)": 4.552132034686384e-05,
      "(2, -1)": 0.00011257230494722629,
      "(2, 0)": 0.0,
      "(2, 1)": 1.3279366672448182e-05,
      "'FAIL'": 0.0
    },
    "(-1, 1)": {
      "(-2, -1)": 0.0005437226216597954,
      "(-2, 0)": 0.0013911594130938995,
      "(-2, 1)": 0.0027121964790355556,
      "(-1, -1)": 0.03854842317137849,
      "(-1, 0)": 0.1387902818722742,
      "(-1, 1)": 0.18365812515814367,
      "(0, -1)": 0.0674795779904553,
      "(0, 0)": 0.23964750036367666,
      "(0, 1)": 0.32512113358021016,
      "(1, -1)": 0.00016744789368387694,
      "(1, 0)": 0.00073089297970717,
      "(1, 1)": 0.0008899980973350395,
      "(2, -1)": 2.4551180527785398e-05,
      "(2, 0)": 0.00024307859109589812,
      "(2, 1)": 5.191060772239474e-05,
      "'FAIL'": 0.0
    },
    "(0, -1)": {
      "(-2, -1)": 0.00024335404549495756,
      "(-2, 0)": 8.686644380894195e-06,
      "(-2, 1)": 9.89866618580196e-07,
      "(-1, -1)": 0.008102014099750181,
      "(-1, 0)": 0.0004763232797569865,
      "(-1, 1)": 1.1566144865805658e-05,
      "(0, -1)": 0.8120731744526519,
      "(0, 0)": 0.03104404267485735,
      "(0, 1)": 0.0009454740240045943,
      "(1, -1)": 0.14099870245651155,
      "(1, 0)": 0.005592902572278515,
      "(1, 1)": 0.0001368499506498112,
      "(2, -1)": 0.00036551350986943794,
      "(2, 0)": 0.0,
      "(2, 1)": 4.0627830921147693e-07,
      "'FAIL'": 0.0
    },
    "(0, 0)": {
      "(-2, -1)": 0.0001404346864312566,
      "(-2, 0)": 0.0003129029895215038,
      "(-2, 1)": 1.0586569240211019e-05,
      "(-1, -1)": 0.0034015642955802193,
      "(-1, 0)": 0.007990085235585033,
      "(-1, 1)": 0.0002325113958519105,
      "(0, -1)": 0.25264577551076967,
      "(0, 0)": 0.564771278091791,
      "(0, 1)": 0.01982933714155507,
      "(1, -1)": 0.04502705752426929,
      "(1, 0)": 0.10244904531078977,
      "(1, 1)": 0.0029365567052159706,
      "(2, -1)": 0.00015030693703804046,
      "(2, 0)": 8.569523832257357e-05,
      "(2, 1)": 1.686236803847089e-05,
      "'FAIL'": 0.0
    },
    "(0, 1)": {
      "(-2, -1)": 7.666896601501874e-05,
      "(-2, 0)": 0.00019125459243791312,
      "(-2, 1)": 0.00034304142579876385,
      "(-1, -1)": 0.0011748189119877004,
      "(-1, 0)": 0.004210997112546977,
      "(-1, 1)": 0.004857387163787167,
      "(0, -1)": 0.09133636697401915,
      "(0, 0)": 0.31630218845794245,
      "(0, 1)": 0.423221402321601,
      "(1, -1)": 0.01760936931065341,
      "(1, 0)": 0.058286506251818845,
      "(1, 1)": 0.08193127106398004,
      "(2, -1)": 6.462488476637912e-05,
      "(2, 0)": 0.0002741555821502101,
      "(2, 1)": 0.00011994698049494757,
      "'FAIL'": 0.0
    },
    "(1, -1)": {
      "(-2, -1)": 0.00021505455328244534,
      "(-2, 0)": 3.7844855909565986e-05,
      "(-2, 1)": 7.532703639334584e-07,
      "(-1, -1)": 0.0016618864153740806,
      "(-1, 0)": 4.7656731440533297e-05,
      "(-1, 1)": 2.3080833585597956e-06,
      "(0, -1)": 0.33172138662119344,
      "(0, 0)": 0.01540089391182453,
      "(0, 1)": 0.00019572332900710744,
      "(1, -1)": 0.6235783167575123,
      "(1, 0)": 0.02411402222853713,
      "(1, 1)": 0.0006290935106339595,
      "(2, -1)": 0.0022438319459655845,
      "(2, 0)": 0.00014969056471002528,
      "(2, 1)": 1.5372208868591648e-06,
      "'FAIL'": 0.0
    },
    "(1, 0)": {
      "(-2, -1)": 0.00020339584322433203,
      "(-2, 0)": 0.00033683599719788943,
      "(-2, 1)": 1.640647666316323e-05,
      "(-1, -1)": 0.0005585528024028345,
      "(-1, 0)": 0.0005679217943431493,
      "(-1, 1)": 3.1326166535590315e-05,
      "(0, -1)": 0.10519291224717013,
      "(0, 0)": 0.224844150043006,
      "(0, 1)": 0.008171901921907561,
      "(1, -1)": 0.2035206197967657,
      "(1, 0)": 0.4376518887916856,
      "(1, 1)": 0.015002620328169937,
      "(2, -1)": 0.0009828159321038595,
      "(2, 0)": 0.002867700932921805,
      "(2, 1)": 5.095092590243558e-05,
      "'FAIL'": 0.0
    },
    "(1, 1)": {
      "(-2, -1)": 5.690723555652401e-05,
      "(-2, 0)": 0.00016813293571320932,
      "(-2, 1)": 0.00038836354014239644,
      "(-1, -1)": 0.00017839131128254276,
      "(-1, 0)": 0.00040359308977031054,
      "(-1, 1)": 0.0008492768511115839,
      "(0, -1)": 0.043272830161282576,
      "(0, 0)": 0.12787995686329867,
      "(0, 1)": 0.1724682612344261,
      "(1, -1)": 0.06975707386738134,
      "(1, 0)": 0.24085301663878783,
      "(1, 1)": 0.34054676376572623,
      "(2, -1)": 0.00031821441119239967,
      "(2, 0)": 0.0012395107837596228,
      "(2, 1)": 0.001619707310568666,
      "'FAIL'": 0.0
    },
    "(2, -1)": {
      "(-2, -1)": 0.0032832273982726693,
      "(-2, 0)": 0.0002486323889175562,
      "(-2, 1)": 1.2703037634141897e-06,
      "(-1, -1)": 0.0030858668218108126,
      "(-1, 0)": 0.00017245499479108357,
      "(-1, 1)": 3.0721397296792046e-06,
      "(0, -1)": 0.2130997129347823,
      "(0, 0)": 0.009403273641896458,
      "(0, 1)": 0.00021386230242223961,
      "(1, -1)": 0.3765729475318307,