{
  "realization": {
    "'FAIL'": {
      "'FAIL'": 1.0
    },
    "(-2, -1)": {
      "(-2, -1)": 0.24003555058036033,
      "(-2, 0)": 0.01097756577721759,
      "(-2, 1)": 0.000343045605736245,
      "(-1, -1)": 0.33647829660456147,
      "(-1, 0)": 0.014222203354944679,
      "(-1, 1)": 5.360190374753693e-05,
      "(0, -1)": 0.3741406489733276,
      "(0, 0)": 0.014147851415726697,
      "(0, 1)": 0.00017822697427902906,
      "(1, -1)": 0.005700988217186869,
      "(1, 0)": 3.328426865946627e-05,
      "(1, 1)": 2.31659022741581e-06,
      "(2, -1)": 0.00337544555961887,
      "(2, 0)": 0.00030776220168906047,
      "(2, 1)": 3.211972717187834e-06,
      "'FAIL'": 0.0
    },
    "(-2, 0)": {
      "(-2, -1)": 0.07497649692774037,
      "(-2, 0)": 0.19264977186575566,
      "(-2, 1)": 0.006545637487613353,
      "(-1, -1)": 0.10315670053148564,
      "(-1, 0)": 0.23070279361567972,
      "(-1, 1)": 0.005855188153795166,
      "(0, -1)": 0.1102244339046898,
      "(0, 0)": 0.264013445451787,
      "(0, 1)": 0.0070307828349890295,
      "(1, -1)": 9.943280895371752e-05,
      "(1, 0)": 0.00218534843852096,
      "(1, 1)": 1.2168477842608428e-05,
      "(2, -1)": 0.001015094539648595,
      "(2, 0)": 0.0014821463016327567,
      "(2, 1)": 5.0558659865553284e-05,
      "'FAIL'": 0.0
    },
    "(-2, 1)": {
      "(-2, -1)": 0.026993428663897454,
      "(-2, 0)": 0.08959343463117696,
      "(-2, 1)": 0.14787082290150172,
      "(-1, -1)": 0.03907620041368343,
      "(-1, 0)": 0.1404639940027443,
      "(-1, 1)": 0.17743278922208974,
      "(0, -1)": 0.03881825435891884,
      "(0, 0)": 0.12948273899948154,
      "(0, 1)": 0.2059494482648809,
      "(1, -1)": 0.0001237913833263507,
      "(1, 0)": 0.0008054731560124058,
      "(1, 1)": 0.00171783216418689,
      "(2, -1)": 5.981612010164267e-05,
      "(2, 0)": 0.0,
      "(2, 1)": 0.0016119757179979715,
      "'FAIL'": 0.0
    },
    "(-1, -1)": {
      "(-2, -1)": 0.005402131097508907,
      "(-2, 0)": 0.00020937891514648675,
      "(-2, 1)": 7.02887098387999e-06,
      "(-1, -1)": 0.3637269915245254,
      "(-1, 0)": 0.01394715128597332,
      "(-1, 1)": 0.00030091911930625175,
      "(0, -1)": 0.5896442927347273,
      "(0, 0)": 0.02388199495092733,
      "(0, 1)": 0.0005633198680083918,
      "(1, -1)": 0.0017968792711302358,
      "(1, 0)": 8.3407361207628e-05,
      "(1, 1)": 2.9993776020335254e-06,
      "(2, -1)": 0.00039902422533914263,
      "(2, 0)": 3.306051186056553e-05,
      "(2, 1)": 1.4208857530523423e-06,
      "'FAIL'": 0.0
    },
    "(-1, 0)": {
      "(-2, -1)": 0.001410833941269561,
      "(-2, 0)": 0.003510458953642575,
      "(-2, 1)": 0.00012961430745006056,
      "(-1, -1)": 0.1109390542386809,
      "(-1, 0)": 0.2393910234169394,
      "(-1, 1)": 0.008416414047591796,
      "(0, -1)": 0.19316952210490265,
      "(0, 0)": 0.42737123134722976,
      "(0, 1)": 0.01341088310373518,
      "(1, -1)": 0.0006517541987545703,
      "(1, 0)": 0.0012305368695770327,
      "(1, 1)": 5.838036285053301e-05,
      "(2, -1)": 0.00018129043599509432,
      "(2, 0)": 0.00011484789264686149,
      "(2, 1)": 1.4154778733884353e-05,
      "'FAIL'": 0.0
    },
    "(-1, 1)": {
      "(-2, -1)": 0.0004276317296979331,
      "(-2, 0)": 0.001312676683081912,
      "(-2, 1)": 0.0018227638823276107,
      "(-1, -1)": 0.03366080524472255,
      "(-1, 0)": 0.13558772755480664,
      "(-1, 1)": 0.19749939069337435,
      "(0, -1)": 0.0603007869989993,
      "(0, 0)": 0.23428867849525642,
      "(0, 1)": 0.3333664602647973,
      "(1, -1)": 0.00013459956662527955,
      "(1, 0)": 0.0005637018169799613,
      "(1, 1)": 0.0008875408954057535,
      "(2, -1)": 6.311028690165479e-05,
      "(2, 0)": 0.0,
      "(2, 1)": 8.412588702334774e-05,
      "'FAIL'": 0.0
    },
    "(0, -1)": {
      "(-2, -1)": 0.0001250909828489953,
      "(-2, 0)": 1.2247924144627665e-05,
      "(-2, 1)": 3.970553270594615e-07,
      "(-1, -1)": 0.010356860288694964,
      "(-1, 0)": 0.00033454758729887867,
      "(-1, 1)": 1.3047809548469809e-05,
      "(0, -1)": 0.8049270773323628,
      "(0, 0)": 0.03392428903136808,
      "(0, 1)": 0.0004396674511190112,
      "(1, -1)": 0.1441069124433033,
      "(1, 0)": 0.005580081422465097,
      "(1, 1)": 8.288379323799521e-05,
      "(2, -1)": 8.874777486986063e-05,
      "(2, 0)": 7.673218320586848e-06,
      "(2, 1)": 4.758850901877513e-07,
      "'FAIL'": 0.0
    },
    "(0, 0)": {
      "(-2, -1)": 8.949856404472827e-05,
      "(-2, 0)": 0.0001284989920887999,
      "(-2, 1)": 5.854834856894063e-06,
      "(-1, -1)": 0.0034606400494917294,
      "(-1, 0)": 0.006411394704802956,
      "(-1, 1)": 0.00024227452589327823,
      "(0, -1)": 0.25178178737930973,
      "(0, 0)": 0.5664636520434696,
      "(0, 1)": 0.01782048853766997,
      "(1, -1)": 0.04488569737344148,
      "(1, 0)": 0.1053140948890972,
      "(1, 1)": 0.0029119958095203038,
      "(2, -1)": 0.00013531787838728072,
      "(2, 0)": 0.00034632693508578137,
      "(2, 1)": 2.4774828403263152e-06,
      "'FAIL'": 0.0
    },
    "(0, 1)": {
      "(-2, -1)": 4.952972912304611e-05,
      "(-2, 0)": 0.00016706036429183554,
      "(-2, 1)": 0.00021597536574408745,
      "(-1, -1)": 0.0014814462587082165,
      "(-1, 0)": 0.005036712333388256,
      "(-1, 1)": 0.006183260330006452,
      "(0, -1)": 0.07972103215989074,
      "(0, 0)": 0.3114995809358647,
      "(0, 1)": 0.44241239357144596,
      "(1, -1)": 0.015460306574871597,
      "(1, 0)": 0.05350994049301123,
      "(1, 1)": 0.0838148866828434,
      "(2, -1)": 2.0916108005573006e-05,
      "(2, 0)": 0.00011576750413510046,
      "(2, 1)": 0.00031119158866985125,
      "'FAIL'": 0.0
    },
    "(1, -1)": {
      "(-2, -1)": 0.0005572633290591382,
      "(-2, 0)": 8.45137586111183e-06,
      "(-2, 1)": 6.265262284462307e-07,
      "(-1, -1)": 0.0010662266678167463,
      "(-1, 0)": 5.375304585129866e-05,
      "(-1, 1)": 2.2362240013993494e-06,
      "(0, -1)": 0.3281661836372729,
      "(0, 0)": 0.014828406114144698,
      "(0, 1)": 0.0004535789240901508,
      "(1, -1)": 0.6287986814738582,
      "(1, 0)": 0.02305831631294052,
      "(1, 1)": 0.00012618570197968183,
      "(2, -1)": 0.0027151612772134113,
      "(2, 0)": 0.00016220093381554392,
      "(2, 1)": 2.7284558668274313e-06,
      "'FAIL'": 0.0
    },
    "(1, 0)": {
      "(-2, -1)": 0.00010181805173346938,
      "(-2, 0)": 0.00025598371709279193,
      "(-2, 1)": 1.3371057090725339e-05,
      "(-1, -1)": 0.00036247620753815916,
      "(-1, 0)": 0.0010430274469436615,
      "(-1, 1)": 2.2679485393614463e-05,
      "(0, -1)": 0.10532099023129111,
      "(0, 0)": 0.2281104286959299,
      "(0, 1)": 0.007073543846888645,
      "(1, -1)": 0.19443164185128742,
      "(1, 0)": 0.44677166951140684,
      "(1, 1)": 0.013069310160931897,
      "(2, -1)": 0.0009202988195327679,
      "(2, 0)": 0.0024774057724679705,
      "(2, 1)": 2.535514447093891e-05,
      "'FAIL'": 0.0
    },
    "(1, 1)": {
      "(-2, -1)": 9.31948346857799e-06,
      "(-2, 0)": 0.00019055035344202288,
      "(-2, 1)": 0.000144435710072998,
      "(-1, -1)": 9.471864963250946e-05,
      "(-1, 0)": 0.0004064580309903553,
      "(-1, 1)": 0.00015413741877506982,
      "(0, -1)": 0.03676057506708848,
      "(0, 0)": 0.12461693589839004,
      "(0, 1)": 0.17895873743495225,
      "(1, -1)": 0.06021083924285663,
      "(1, 0)": 0.25693828319885526,
      "(1, 1)": 0.3391446986134191,
      "(2, -1)": 0.0001612772206614872,
      "(2, 0)": 0.0008477296857575423,
      "(2, 1)": 0.001361303991637715,
      "'FAIL'": 0.0
    },
    "(2, -1)": {
      "(-2, -1)": 0.0008969773533343448,
      "(-2, 0)": 4.859233503694855e-05,
      "(-2, 1)": 2.454912224451728e-06,
      "(-1, -1)": 0.0028606311255694257,
      "(-1, 0)": 9.626513413306455e-05,
      "(-1, 1)": 3.2087781973685806e-06,
      "(0, -1)": 0.23010322112107584,
      "(0, 0)": 0.00949766316458114,
      "(0, 1)": 0.00019863303853552423,
      "(1, -1)": 0.4021219158960507,