{
  "realization": {
    "'FAIL'": {
      "'FAIL'": 1.0
    },
    "(-2, -1)": {
      "(-2, -1)": 0.25319016952217827,
      "(-2, 0)": 0.011388954961799935,
      "(-2, 1)": 0.0005075563467874429,
      "(-1, -1)": 0.32507870109239395,
      "(-1, 0)": 0.011778976709005216,
      "(-1, 1)": 0.00012433359488055832,
      "(0, -1)": 0.36966862821774804,
      "(0, 0)": 0.015032010937917544,
      "(0, 1)": 0.0002435867413390018,
      "(1, -1)": 0.00666255760314046,
      "(1, 0)": 0.0002923986627283058,
      "(1, 1)": 1.4677866798551003e-05,
      "(2, -1)": 0.005455563078545441,
      "(2, 0)": 0.000557366441313002,
      "(2, 1)": 4.5182234242751625e-06,
      "'FAIL'": 0.0
    },
    "(-2, 0)": {
      "(-2, -1)": 0.06981197614570887,
      "(-2, 0)": 0.19433394472276175,
      "(-2, 1)": 0.006176181195264115,
      "(-1, -1)": 0.10537435024040008,
      "(-1, 0)": 0.2188651149723538,
      "(-1, 1)": 0.006991747876944862,
      "(0, -1)": 0.11017391263687366,
      "(0, 0)": 0.2658941878814189,
      "(0, 1)": 0.009325265268267094,
      "(1, -1)": 0.0016367263275967332,
      "(1, 0)": 0.004244454298216087,
      "(1, 1)": 0.0,
      "(2, -1)": 0.00210030197166921,
      "(2, 0)": 0.005055515802794084,
      "(2, 1)": 1.63206597306955e-05,
      "'FAIL'": 0.0
    },
    "(-2, 1)": {
      "(-2, -1)": 0.021772542723658486,
      "(-2, 0)": 0.0924338751385257,
      "(-2, 1)": 0.16213818623188148,
      "(-1, -1)": 0.038372332823247805,
      "(-1, 0)": 0.11330095924664829,
      "(-1, 1)": 0.188707929926586,
      "(0, -1)": 0.04504247867320324,
      "(0, 0)": 0.13235486437074412,
      "(0, 1)": 0.19506441636731875,
      "(1, -1)": 0.00041378254034731986,
      "(1, 0)": 0.0025209056191692813,
      "(1, 1)": 0.002187670237879831,
      "(2, -1)": 0.0009044963635429205,
      "(2, 0)": 0.0013587879190600418,
      "(2, 1)": 0.0034267718181868363,
      "'FAIL'": 0.0
    },
    "(-1, -1)": {
      "(-2, -1)": 0.006596658256566028,
      "(-2, 0)": 0.0001746845249845023,
      "(-2, 1)": 1.3132141455239824e-05,
      "(-1, -1)": 0.3608788585207791,
      "(-1, 0)": 0.012685001733372584,
      "(-1, 1)": 0.0004385169916340159,
      "(0, -1)": 0.5857828880669701,
      "(0, 0)": 0.028479570456329,
      "(0, 1)": 0.0007991696203180155,
      "(1, -1)": 0.0027156690882869294,
      "(1, 0)": 0.00011522649936661492,
      "(1, 1)": 3.0198745876145875e-06,
      "(2, -1)": 0.0012882801434535062,
      "(2, 0)": 2.7352565531973937e-05,
      "(2, 1)": 1.9715163649643535e-06,
      "'FAIL'": 0.0
    },
    "(-1, 0)": {
      "(-2, -1)": 0.001590656199254134,
      "(-2, 0)": 0.0036160790223927386,
      "(-2, 1)": 0.0001813303592835119,
      "(-1, -1)": 0.11031782432906348,
      "(-1, 0)": 0.2377399786196986,
      "(-1, 1)": 0.008522816309277736,
      "(0, -1)": 0.1928425641050142,
      "(0, 0)": 0.42917786211263864,
      "(0, 1)": 0.01286435463841954,
      "(1, -1)": 0.0007135415532709349,
      "(1, 0)": 0.0016071223963804145,
      "(1, 1)": 5.3139119284379114e-05,
      "(2, -1)": 0.0002579028104719025,
      "(2, 0)": 0.0004982904983362526,
      "(2, 1)": 1.6537927213723845e-05,
      "'FAIL'": 0.0
    },
    "(-1, 1)": {
      "(-2, -1)": 0.0005914297364642176,
      "(-2, 0)": 0.0027803445903301746,
      "(-2, 1)": 0.002898346783355909,
      "(-1, -1)": 0.036926059419158025,
      "(-1, 0)": 0.1414592517848745,
      "(-1, 1)": 0.1943933595543169,
      "(0, -1)": 0.06743238524752385,
      "(0, 0)": 0.23402227712328516,
      "(0, 1)": 0.3158817956598424,
      "(1, -1)": 0.00023095241527191284,
      "(1, 0)": 0.0011803134931178605,
      "(1, 1)": 0.0015168717126284564,
      "(2, -1)": 0.00013962247368963426,
      "(2, 0)": 0.0003132122368875445,
      "(2, 1)": 0.00023377776925339613,
      "'FAIL'": 0.0
    },
    "(0, -1)": {
      "(-2, -1)": 0.0009326638467228939,
      "(-2, 0)": 1.0296233628987514e-05,
      "(-2, 1)": 5.112772565440889e-07,
      "(-1, -1)": 0.009575488675102417,
      "(-1, 0)": 0.0004549634091024613,
      "(-1, 1)": 1.4034817295748966e-05,
      "(0, -1)": 0.8107262018699926,
      "(0, 0)": 0.027348799216194035,
      "(0, 1)": 0.0009567698905196241,
      "(1, -1)": 0.14449664288549233,
      "(1, 0)": 0.004996447246528001,
      "(1, 1)": 0.0003015725483398382,
      "(2, -1)": 0.00015365063264266676,
      "(2, 0)": 3.0477189977759252e-05,
      "(2, 1)": 1.480261204178393e-06,
      "'FAIL'": 0.0
    },
    "(0, 0)": {
      "(-2, -1)": 0.00015967899305994492,
      "(-2, 0)": 0.00032582672962334615,
      "(-2, 1)": 1.7042347263444234e-05,
      "(-1, -1)": 0.003186556903799533,
      "(-1, 0)": 0.006172326338397249,
      "(-1, 1)": 0.0002592025859411584,
      "(0, -1)": 0.24787575964596406,
      "(0, 0)": 0.5647966077516245,
      "(0, 1)": 0.017192408749927193,
      "(1, -1)": 0.043175558001759255,
      "(1, 0)": 0.11229482930076652,
      "(1, 1)": 0.0038570742605137623,
      "(2, -1)": 0.0002871319012742792,
      "(2, 0)": 0.0003873790552415949,
      "(2, 1)": 1.261743484414769e-05,
      "'FAIL'": 0.0
    },
    "(0, 1)": {
      "(-2, -1)": 0.00010487306956336384,
      "(-2, 0)": 0.00025693791658842587,
      "(-2, 1)": 0.0003029281671624038,
      "(-1, -1)": 0.0015641467555754427,
      "(-1, 0)": 0.0033942284175461504,
      "(-1, 1)": 0.00568158689206148,
      "(0, -1)": 0.07617522345292614,
      "(0, 0)": 0.32616429074981124,
      "(0, 1)": 0.4293179620200336,
      "(1, -1)": 0.014064956421429936,
      "(1, 0)": 0.05633069544514234,
      "(1, 1)": 0.08598288481118503,
      "(2, -1)": 0.00012512527473050705,
      "(2, 0)": 0.00016148537431357694,
      "(2, 1)": 0.0003726752319304379,
      "'FAIL'": 0.0
    },
    "(1, -1)": {
      "(-2, -1)": 0.0005671874665056284,
      "(-2, 0)": 2.3057498975966424e-05,
      "(-2, 1)": 1.6246742123644284e-06,
      "(-1, -1)": 0.001767398103451252,
      "(-1, 0)": 6.790136500125701e-05,
      "(-1, 1)": 3.510987995447075e-06,
      "(0, -1)": 0.34373826063392193,
      "(0, 0)": 0.015396846520931472,
      "(0, 1)": 0.00025368569805869903,
      "(1, -1)": 0.6136155813454098,
      "(1, 0)": 0.01996710105288446,
      "(1, 1)": 0.0006837589371494396,
      "(2, -1)": 0.0036610151197145747,
      "(2, 0)": 0.00025048260285727734,
      "(2, 1)": 2.5879929304010993e-06,
      "'FAIL'": 0.0
    },
    "(1, 0)": {
      "(-2, -1)": 0.0003738693896725954,
      "(-2, 0)": 0.00048077200383486626,
      "(-2, 1)": 2.1922714766514186e-05,
      "(-1, -1)": 0.00042864997481666003,
      "(-1, 0)": 0.0008815941915466506,
      "(-1, 1)": 4.1455104391212006e-05,
      "(0, -1)": 0.10853451001553242,
      "(0, 0)": 0.2348979648394038,
      "(0, 1)": 0.008158282141994364,
      "(1, -1)": 0.19689546474719954,
      "(1, 0)": 0.4299508242959152,
      "(1, 1)": 0.01574435480009393,
      "(2, -1)": 0.0012015378571176274,
      "(2, 0)": 0.0023222631915531906,
      "(2, 1)": 6.653473216139188e-05,
      "'FAIL'": 0.0
    },
    "(1, 1)": {
      "(-2, -1)": 0.00014090425933015668,
      "(-2, 0)": 0.00029721781288770546,
      "(-2, 1)": 0.000503689262495698,
      "(-1, -1)": 0.00016824266187717046,
      "(-1, 0)": 0.0005143056025424894,
      "(-1, 1)": 0.000626861910434981,
      "(0, -1)": 0.03562328982039932,
      "(0, 0)": 0.13168800560477822,
      "(0, 1)": 0.17778328617492697,
      "(1, -1)": 0.07282465224754718,
      "(1, 0)": 0.22881979070015912,
      "(1, 1)": 0.346711590230433,
      "(2, -1)": 0.0005796843232718631,
      "(2, 0)": 0.0015460460419289188,
      "(2, 1)": 0.002172433346987148,
      "'FAIL'": 0.0
    },
    "(2, -1)": {
      "(-2, -1)": 0.00426058584201327,
      "(-2, 0)": 0.00030280055781525133,
      "(-2, 1)": 1.2604597480780984e-05,
      "(-1, -1)": 0.005114317816872006,
      "(-1, 0)": 0.00011363722026337875,
      "(-1, 1)": 1.0839376121933809e-05,
      "(0, -1)": 0.2046072778960424,
      "(0, 0)": 0.010237238163695702,
      "(0, 1)": 0.00037167357216685945,