{
  "realization": {
    "'FAIL'": {
      "'FAIL'": 1.0
    },
    "(-2, -1)": {
      "(-2, -1)": 0.2452866147655879,
      "(-2, 0)": 0.010872823256174604,
      "(-2, 1)": 0.00048079734154192786,
      "(-1, -1)": 0.3287231215809368,
      "(-1, 0)": 0.013038823021324053,
      "(-1, 1)": 0.0002590120004331722,
      "(0, -1)": 0.37221111072375845,
      "(0, 0)": 0.019072645653720945,
      "(0, 1)": 0.0004070993950844202,
      "(1, -1)": 0.006598197240553626,
      "(1, 0)": 0.0002754677813516936,
      "(1, 1)": 1.570599166905943e-05,
      "(2, -1)": 0.0025830647398350525,
      "(2, 0)": 0.00016611378020073682,
      "(2, 1)": 9.402727827548102e-06,
      "'FAIL'": 0.0
    },
    "(-2, 0)": {
      "(-2, -1)": 0.07478676968602532,
      "(-2, 0)": 0.190939605799182,
      "(-2, 1)": 0.005831935071025189,
      "(-1, -1)": 0.11334326902257869,
      "(-1, 0)": 0.23486533253185185,
      "(-1, 1)": 0.006827491430430977,
      "(0, -1)": 0.11610224690471373,
      "(0, 0)": 0.23868653451588606,
      "(0, 1)": 0.008847323277653597,
      "(1, -1)": 0.0021354247655407475,
      "(1, 0)": 0.0005913439742975801,
      "(1, 1)": 0.0001103225215090329,
      "(2, -1)": 0.0022148380625819524,
      "(2, 0)": 0.004643403721365932,
      "(2, 1)": 7.415871535750146e-05,
      "'FAIL'": 0.0
    },
    "(-2, 1)": {
      "(-2, -1)": 0.028295878214299727,
      "(-2, 0)": 0.08960047413675398,
      "(-2, 1)": 0.14358051003378955,
      "(-1, -1)": 0.03643045445214156,
      "(-1, 0)": 0.1299696367794253,
      "(-1, 1)": 0.1959370464044142,
      "(0, -1)": 0.040109759330329495,
      "(0, 0)": 0.12454004625717208,
      "(0, 1)": 0.20101474894599988,
      "(1, -1)": 0.0005165529424043664,
      "(1, 0)": 0.0025964748640692295,
      "(1, 1)": 0.0028965979476769277,
      "(2, -1)": 0.0007199474435002994,
      "(2, 0)": 0.0010618882184231604,
      "(2, 1)": 0.002729984029599994,
      "'FAIL'": 0.0
    },
    "(-1, -1)": {
      "(-2, -1)": 0.006327515580148948,
      "(-2, 0)": 0.0002667318510053583,
      "(-2, 1)": 1.1343119211028947e-05,
      "(-1, -1)": 0.35369522159972516,
      "(-1, 0)": 0.01454416589317864,
      "(-1, 1)": 0.0004090997352450832,
      "(0, -1)": 0.593449066310466,
      "(0, 0)": 0.02672439834078034,
      "(0, 1)": 0.0010122084172995026,
      "(1, -1)": 0.0027128168196334404,
      "(1, 0)": 9.035132417734903e-05,
      "(1, 1)": 3.724774186639794e-06,
      "(2, -1)": 0.0007132497234328302,
      "(2, 0)": 3.825210750894947e-05,
      "(2, 1)": 1.854404000618397e-06,
      "'FAIL'": 0.0
    },
    "(-1, 0)": {
      "(-2, -1)": 0.0016399068602882393,
      "(-2, 0)": 0.0035442004981595283,
      "(-2, 1)": 0.0001111851695258624,
      "(-1, -1)": 0.11113813946558967,
      "(-1, 0)": 0.24649913327541773,
      "(-1, 1)": 0.008042624309189166,
      "(0, -1)": 0.18426065703526012,
      "(0, 0)": 0.42698829977731356,
      "(0, 1)": 0.013953211232484037,
      "(1, -1)": 0.0008679892573156413,
      "(1, 0)": 0.0019663646224171005,
      "(1, 1)": 6.558284374967261e-05,
      "(2, -1)": 0.00028152163032540663,
      "(2, 0)": 0.0006212126615274563,
      "(2, 1)": 1.997136143676824e-05,
      "'FAIL'": 0.0
    },
    "(-1, 1)": {
      "(-2, -1)": 0.00038982342509023295,
      "(-2, 0)": 0.0016430957227853529,
      "(-2, 1)": 0.0031004080459326004,
      "(-1, -1)": 0.032809666802650204,
      "(-1, 0)": 0.13730189673087706,
      "(-1, 1)": 0.19431685799796153,
      "(0, -1)": 0.06389705250280732,
      "(0, 0)": 0.22694129963882825,
      "(0, 1)": 0.3368691909690844,
      "(1, -1)": 0.00014888196212530048,
      "(1, 0)": 0.0007024232351132903,
      "(1, 1)": 0.0012740090239411906,
      "(2, -1)": 5.681037321592185e-05,
      "(2, 0)": 0.0001978700920294334,
      "(2, 1)": 0.00035071347755797537,
      "'FAIL'": 0.0
    },
    "(0, -1)": {
      "(-2, -1)": 0.00024937414555523764,
      "(-2, 0)": 6.287054301141823e-06,
      "(-2, 1)": 7.881873914026905e-07,
      "(-1, -1)": 0.00961525870044578,
      "(-1, 0)": 0.0005496637708971221,
      "(-1, 1)": 2.103245129617913e-05,
      "(0, -1)": 0.8012322002076306,
      "(0, 0)": 0.03414082387201989,
      "(0, 1)": 0.0009339035360286014,
      "(1, -1)": 0.14671561210264508,
      "(1, 0)": 0.005602333541991023,
      "(1, 1)": 0.0002181627474896051,
      "(2, -1)": 0.000699301144744141,
      "(2, 0)": 1.438131937811017e-05,
      "(2, 1)": 8.772181860803474e-07,
      "'FAIL'": 0.0
    },
    "(0, 0)": {
      "(-2, -1)": 0.00014139762722766586,
      "(-2, 0)": 0.00023312081079872844,
      "(-2, 1)": 1.1652064704704813e-05,
      "(-1, -1)": 0.004322315314123986,
      "(-1, 0)": 0.007935752992242822,
      "(-1, 1)": 0.0002505331304340317,
      "(0, -1)": 0.24930980609909756,
      "(0, 0)": 0.5638099409500762,
      "(0, 1)": 0.01627784885961466,
      "(1, -1)": 0.0478961124382354,
      "(1, 0)": 0.1051348023892752,
      "(1, 1)": 0.0039429360779906,
      "(2, -1)": 0.00021992763846735776,
      "(2, 0)": 0.0005047606953092652,
      "(2, 1)": 9.092912402047992e-06,
      "'FAIL'": 0.0
    },
    "(0, 1)": {
      "(-2, -1)": 0.00010098140080290577,
      "(-2, 0)": 0.00027770470696230937,
      "(-2, 1)": 0.0003242235100924891,
      "(-1, -1)": 0.001356796974167445,
      "(-1, 0)": 0.003851746448212855,
      "(-1, 1)": 0.005642283117819902,
      "(0, -1)": 0.0723233719696039,
      "(0, 0)": 0.32531924202695955,
      "(0, 1)": 0.43724978791106467,
      "(1, -1)": 0.014940671404913938,
      "(1, 0)": 0.053828492810190726,
      "(1, 1)": 0.08414909843738533,
      "(2, -1)": 0.00010131431339491962,
      "(2, 0)": 0.0001796125234060916,
      "(2, 1)": 0.00035467244502295457,
      "'FAIL'": 0.0
    },
    "(1, -1)": {
      "(-2, -1)": 0.0007245981043487108,
      "(-2, 0)": 2.3390106245893334e-05,
      "(-2, 1)": 1.2101837204592112e-06,
      "(-1, -1)": 0.001019615950492542,
      "(-1, 0)": 4.365029502232201e-05,
      "(-1, 1)": 2.6945992967634566e-06,
      "(0, -1)": 0.32983875424950093,
      "(0, 0)": 0.015433345729122812,
      "(0, 1)": 0.0003917927379381655,
      "(1, -1)": 0.6231373939857867,
      "(1, 0)": 0.02648986916469782,
      "(1, 1)": 0.0006023616369892194,
      "(2, -1)": 0.00224621580436177,
      "(2, 0)": 4.432493320961085e-05,
      "(2, 1)": 7.825192662338513e-07,
      "'FAIL'": 0.0
    },
    "(1, 0)": {
      "(-2, -1)": 0.00022787540654982253,
      "(-2, 0)": 0.00048753612619709363,
      "(-2, 1)": 1.665591769956542e-05,
      "(-1, -1)": 0.00018139407791880393,
      "(-1, 0)": 0.0008215988260593216,
      "(-1, 1)": 2.195704656338113e-05,
      "(0, -1)": 0.10302646581136879,
      "(0, 0)": 0.22764883399225078,
      "(0, 1)": 0.006619221611614331,
      "(1, -1)": 0.20291884711145658,
      "(1, 0)": 0.44094118772590374,
      "(1, 1)": 0.013790955292427812,
      "(2, -1)": 0.0010255783006175951,
      "(2, 0)": 0.0021734575291946084,
      "(2, 1)": 9.843522417777354e-05,
      "'FAIL'": 0.0
    },
    "(1, 1)": {
      "(-2, -1)": 7.93535466998433e-05,
      "(-2, 0)": 0.00020226950293173368,
      "(-2, 1)": 0.00028157132658933673,
      "(-1, -1)": 0.00010719473292554476,
      "(-1, 0)": 0.0004967281334218149,
      "(-1, 1)": 0.0004945707622699721,
      "(0, -1)": 0.032371047647793944,
      "(0, 0)": 0.12518061862400123,
      "(0, 1)": 0.17699728556532365,
      "(1, -1)": 0.062013095793393515,
      "(1, 0)": 0.24657455148247803,
      "(1, 1)": 0.3532042891420284,
      "(2, -1)": 0.00020637529720040964,
      "(2, 0)": 0.000901253679213817,
      "(2, 1)": 0.0008897947637285894,
      "'FAIL'": 0.0
    },
    "(2, -1)": {
      "(-2, -1)": 0.002383056324709442,
      "(-2, 0)": 0.0002452483670058086,
      "(-2, 1)": 7.474058241457992e-06,
      "(-1, -1)": 0.0039350366995549385,
      "(-1, 0)": 0.00014363721942442257,
      "(-1, 1)": 6.598050769711904e-06,
      "(0, -1)": 0.26619139052264446,
      "(0, 0)": 0.01072569217174591,
      "(0, 1)": 0.00046310957280685556,