{
  "realization": {
    "'FAIL'": {
      "'FAIL'": 1.0
    },
    "(-2, -1)": {
      "(-2, -1)": 0.24415433383336674,
      "(-2, 0)": 0.01016774443532783,
      "(-2, 1)": 0.0006125419467658544,
      "(-1, -1)": 0.3240666565938937,
      "(-1, 0)": 0.015116430337313257,
      "(-1, 1)": 0.00035802506045099354,
      "(0, -1)": 0.3702344702300787,
      "(0, 0)": 0.019514649620235535,
      "(0, 1)": 0.0008031288817298954,
      "(1, -1)": 0.010224141180692389,
      "(1, 0)": 0.0006760705115830126,
      "(1, 1)": 2.614055201243029e-05,
      "(2, -1)": 0.0035378243090617685,
      "(2, 0)": 0.000493913808297819,
      "(2, 1)": 1.3928699189935602e-05,
      "'FAIL'": 0.0
    },
    "(-2, 0)": {
      "(-2, -1)": 0.06263330184292352,
      "(-2, 0)": 0.13791380711848047,
      "(-2, 1)": 0.006614999305835192,
      "(-1, -1)": 0.11876208653238783,
      "(-1, 0)": 0.2351494768136085,
      "(-1, 1)": 0.007545643149505481,
      "(0, -1)": 0.12925414516145897,
      "(0, 0)": 0.2739945687034538,
      "(0, 1)": 0.009318606157156802,
      "(1, -1)": 0.003336715579409029,
      "(1, 0)": 0.004592960977935766,
      "(1, 1)": 0.00035845035064937153,
      "(2, -1)": 0.0028432464124984055,
      "(2, 0)": 0.0076072338586343135,
      "(2, 1)": 7.475803606257407e-05,
      "'FAIL'": 0.0
    },
    "(-2, 1)": {
      "(-2, -1)": 0.020064811547604346,
      "(-2, 0)": 0.06359669694415618,
      "(-2, 1)": 0.13629277455073485,
      "(-1, -1)": 0.04299511708567641,
      "(-1, 0)": 0.13988874223207803,
      "(-1, 1)": 0.19658097799677246,
      "(0, -1)": 0.05657373831319509,
      "(0, 0)": 0.11814554525081841,
      "(0, 1)": 0.21159696007406065,
      "(1, -1)": 0.0006760133916654865,
      "(1, 0)": 0.002425455427551207,
      "(1, 1)": 0.0042051866833575455,
      "(2, -1)": 0.0014590864683922751,
      "(2, 0)": 0.0006422168368827017,
      "(2, 1)": 0.004856677197054428,
      "'FAIL'": 0.0
    },
    "(-1, -1)": {
      "(-2, -1)": 0.007307003857740543,
      "(-2, 0)": 0.0005307690563292893,
      "(-2, 1)": 1.7534703039311102e-05,
      "(-1, -1)": 0.3463110283668191,
      "(-1, 0)": 0.019040886088792036,
      "(-1, 1)": 0.0007861679198640469,
      "(0, -1)": 0.5889878248922453,
      "(0, 0)": 0.029693285089968706,
      "(0, 1)": 0.0015358538912991113,
      "(1, -1)": 0.004046656033228501,
      "(1, 0)": 0.0002176391584179073,
      "(1, 1)": 1.3064476397388461e-05,
      "(2, -1)": 0.0014081245745238273,
      "(2, 0)": 9.800901901431522e-05,
      "(2, 1)": 6.15287232073386e-06,
      "'FAIL'": 0.0
    },
    "(-1, 0)": {
      "(-2, -1)": 0.001139865801487564,
      "(-2, 0)": 0.0053782466756842635,
      "(-2, 1)": 0.000144286755120364,
      "(-1, -1)": 0.11469575727433373,
      "(-1, 0)": 0.2539781657052129,
      "(-1, 1)": 0.008784132002466956,
      "(0, -1)": 0.17571971958421714,
      "(0, 0)": 0.4218956966148759,
      "(0, 1)": 0.013784669693886193,
      "(1, -1)": 0.000995442359314883,
      "(1, 0)": 0.0019992570403438064,
      "(1, 1)": 7.889455058330268e-05,
      "(2, -1)": 0.00040243154193339857,
      "(2, 0)": 0.0009501176925658556,
      "(2, 1)": 5.3316707973646426e-05,
      "'FAIL'": 0.0
    },
    "(-1, 1)": {
      "(-2, -1)": 0.0006124028948259034,
      "(-2, 0)": 0.0010581152535578727,
      "(-2, 1)": 0.002947910124682773,
      "(-1, -1)": 0.03477452902839053,
      "(-1, 0)": 0.12835810253981583,
      "(-1, 1)": 0.19409924980089796,
      "(0, -1)": 0.07152032464229868,
      "(0, 0)": 0.24471360256382102,
      "(0, 1)": 0.3176308449533998,
      "(1, -1)": 0.00016624262455988464,
      "(1, 0)": 0.0014653655764986138,
      "(1, 1)": 0.0017868639474005255,
      "(2, -1)": 0.00017776884055485537,
      "(2, 0)": 0.00017006921678974857,
      "(2, 1)": 0.0005186079925059835,
      "'FAIL'": 0.0
    },
    "(0, -1)": {
      "(-2, -1)": 0.0007803328008499789,
      "(-2, 0)": 3.27110306329224e-05,
      "(-2, 1)": 3.4786410076296426e-06,
      "(-1, -1)": 0.0085339328794977,
      "(-1, 0)": 0.0007759780728857946,
      "(-1, 1)": 2.411761310483176e-05,
      "(0, -1)": 0.8004625668335119,
      "(0, 0)": 0.03461054350724514,
      "(0, 1)": 0.0023816255120692634,
      "(1, -1)": 0.14536821146457912,
      "(1, 0)": 0.005501073241258278,
      "(1, 1)": 0.00046492393937812277,
      "(2, -1)": 0.0009934195594986605,
      "(2, 0)": 6.32426572471266e-05,
      "(2, 1)": 3.84224723343658e-06,
      "'FAIL'": 0.0
    },
    "(0, 0)": {
      "(-2, -1)": 0.00020986135525966336,
      "(-2, 0)": 0.0004537796088768416,
      "(-2, 1)": 1.9333934800245494e-05,
      "(-1, -1)": 0.0044243076247790945,
      "(-1, 0)": 0.008990424735531544,
      "(-1, 1)": 0.00033705686111277556,
      "(0, -1)": 0.2542612913572302,
      "(0, 0)": 0.5617950288829368,
      "(0, 1)": 0.015208128867065731,
      "(1, -1)": 0.04582109267741308,
      "(1, 0)": 0.10362396153460955,
      "(1, 1)": 0.003927263770056956,
      "(2, -1)": 0.0005181499846139548,
      "(2, 0)": 0.00039241363846469093,
      "(2, 1)": 1.7905167248871255e-05,
      "'FAIL'": 0.0
    },
    "(0, 1)": {
      "(-2, -1)": 0.00011269599513069213,
      "(-2, 0)": 0.0004356656689175294,
      "(-2, 1)": 0.0007026058593322957,
      "(-1, -1)": 0.001994845114676435,
      "(-1, 0)": 0.005244825168519525,
      "(-1, 1)": 0.00851444202063679,
      "(0, -1)": 0.07888420330374182,
      "(0, 0)": 0.31660459365775845,
      "(0, 1)": 0.4240326107557254,
      "(1, -1)": 0.016713159065626957,
      "(1, 0)": 0.059437997308881524,
      "(1, 1)": 0.0865201495681951,
      "(2, -1)": 4.972137839151513e-05,
      "(2, 0)": 0.0002669288340511448,
      "(2, 1)": 0.00048555630041479086,
      "'FAIL'": 0.0
    },
    "(1, -1)": {
      "(-2, -1)": 0.0006162399235865573,
      "(-2, 0)": 5.8284413779491464e-05,
      "(-2, 1)": 4.5601689402885235e-06,
      "(-1, -1)": 0.0024690715184734723,
      "(-1, 0)": 0.00013813535254348033,
      "(-1, 1)": 1.2404282684611542e-05,
      "(0, -1)": 0.33879258010247565,
      "(0, 0)": 0.016939923292635745,
      "(0, 1)": 0.0007073456512742373,
      "(1, -1)": 0.6098022467753913,
      "(1, 0)": 0.026081347880761035,
      "(1, 1)": 0.0013120257648536388,
      "(2, -1)": 0.002873962477497827,
      "(2, 0)": 0.00018600077560459958,
      "(2, 1)": 5.8716194980346505e-06,
      "'FAIL'": 0.0
    },
    "(1, 0)": {
      "(-2, -1)": 0.00029486584198991627,
      "(-2, 0)": 0.00021094165974191778,
      "(-2, 1)": 2.000731463266506e-05,
      "(-1, -1)": 0.00019405688852089134,
      "(-1, 0)": 0.0010650503655102916,
      "(-1, 1)": 3.74398968453235e-05,
      "(0, -1)": 0.10571246787813503,
      "(0, 0)": 0.23635082131583787,
      "(0, 1)": 0.005256118646552074,
      "(1, -1)": 0.19133800636961157,
      "(1, 0)": 0.4428440568107039,
      "(1, 1)": 0.013619023486250029,
      "(2, -1)": 0.0010497493513919856,
      "(2, 0)": 0.001848366832856045,
      "(2, 1)": 0.00015902734142059121,
      "'FAIL'": 0.0
    },
    "(1, 1)": {
      "(-2, -1)": 0.0001618225827994356,
      "(-2, 0)": 0.0001856649773860119,
      "(-2, 1)": 0.0004166755362037224,
      "(-1, -1)": 0.0001952479014617568,
      "(-1, 0)": 0.0006050482986249132,
      "(-1, 1)": 0.0005328043286809245,
      "(0, -1)": 0.03724501264868838,
      "(0, 0)": 0.127093690817702,
      "(0, 1)": 0.17562144677825545,
      "(1, -1)": 0.06788815312235899,
      "(1, 0)": 0.24878260196944785,
      "(1, 1)": 0.33862070184608667,
      "(2, -1)": 0.0004699417080076246,
      "(2, 0)": 0.0011154970217341512,
      "(2, 1)": 0.0010656904625620408,
      "'FAIL'": 0.0
    },
    "(2, -1)": {
      "(-2, -1)": 0.004204851700806527,
      "(-2, 0)": 0.0003011761508460149,
      "(-2, 1)": 1.4521624658863262e-05,
      "(-1, -1)": 0.004668968673671707,
      "(-1, 0)": 0.00032384350764503623,
      "(-1, 1)": 1.5676662371499267e-05,
      "(0, -1)": 0.23582679202780193,
      "(0, 0)": 0.011449327144165867,
      "(0, 1)": 0.0008113233407804471,