{
  "realization": {
    "'FAIL'": {
      "'FAIL'": 1.0
    },
    "(-2, -1)": {
      "(-2, -1)": 0.2524077051077014,
      "(-2, 0)": 0.00913048550016411,
      "(-2, 1)": 0.0001803186865649182,
      "(-1, -1)": 0.3382217651532247,
      "(-1, 0)": 0.012623600811901212,
      "(-1, 1)": 9.529104646971271e-05,
      "(0, -1)": 0.3641664045704866,
      "(0, 0)": 0.015134491523713944,
      "(0, 1)": 0.00026067757215077414,
      "(1, -1)": 0.003986587642331405,
      "(1, 0)": 7.693231414749872e-05,
      "(1, 1)": 2.7579668399710638e-06,
      "(2, -1)": 0.0035328199087755695,
      "(2, 0)": 0.00017741740664697556,
      "(2, 1)": 2.7447888811130244e-06,
      "'FAIL'": 0.0
    },
    "(-2, 0)": {
      "(-2, -1)": 0.07693542495822436,
      "(-2, 0)": 0.17925402239607277,
      "(-2, 1)": 0.006583614095814725,
      "(-1, -1)": 0.10844435598642543,
      "(-1, 0)": 0.2345950138533537,
      "(-1, 1)": 0.0069973671920670125,
      "(0, -1)": 0.1126756237093534,
      "(0, 0)": 0.25995575258030534,
      "(0, 1)": 0.008202984695374933,
      "(1, -1)": 0.0008069290858439552,
      "(1, 0)": 0.0024666976597504946,
      "(1, 1)": 8.623425643435394e-05,
      "(2, -1)": 0.0011773718083584,
      "(2, 0)": 0.0017745364127122847,
      "(2, 1)": 4.4071309908807105e-05,
      "'FAIL'": 0.0
    },
    "(-2, 1)": {
      "(-2, -1)": 0.02654983719131838,
      "(-2, 0)": 0.09531845066087453,
      "(-2, 1)": 0.14498715629312206,
      "(-1, -1)": 0.038864584937336986,
      "(-1, 0)": 0.1305653804614578,
      "(-1, 1)": 0.18702346059127675,
      "(0, -1)": 0.04381238411058006,
      "(0, 0)": 0.1270230532871358,
      "(0, 1)": 0.20007934724553678,
      "(1, -1)": 0.00029237601119511765,
      "(1, 0)": 0.0010713203218804441,
      "(1, 1)": 0.0010075058113614356,
      "(2, -1)": 0.0004797403622715857,
      "(2, 0)": 0.0009302801407630797,
      "(2, 1)": 0.0019951225738891725,
      "'FAIL'": 0.0
    },
    "(-1, -1)": {
      "(-2, -1)": 0.006061357423068862,
      "(-2, 0)": 0.00021386288373838932,
      "(-2, 1)": 7.478036504303619e-06,
      "(-1, -1)": 0.35500164637446596,
      "(-1, 0)": 0.014274429164214234,
      "(-1, 1)": 0.00019257470067554115,
      "(0, -1)": 0.5975196933837926,
      "(0, 0)": 0.023546801517744992,
      "(0, 1)": 0.00040569870843681227,
      "(1, -1)": 0.0020939774090292097,
      "(1, 0)": 8.783473700631569e-05,
      "(1, 1)": 1.720711903276987e-06,
      "(2, -1)": 0.0005714207219793124,
      "(2, 0)": 2.0725757995294433e-05,
      "(2, 1)": 7.784694448015491e-07,
      "'FAIL'": 0.0
    },
    "(-1, 0)": {
      "(-2, -1)": 0.0015245729361590497,
      "(-2, 0)": 0.004377128298729901,
      "(-2, 1)": 0.00012959652153882108,
      "(-1, -1)": 0.11094817819780235,
      "(-1, 0)": 0.24645711985011035,
      "(-1, 1)": 0.008580289876460001,
      "(0, -1)": 0.18760287151401617,
      "(0, 0)": 0.423764881167935,
      "(0, 1)": 0.014103612566937563,
      "(1, -1)": 0.0006836084599732868,
      "(1, 0)": 0.001296595835047407,
      "(1, 1)": 4.2097174398687806e-05,
      "(2, -1)": 0.00018583968492282422,
      "(2, 0)": 0.0002964336522100056,
      "(2, 1)": 7.174263758682953e-06,
      "'FAIL'": 0.0
    },
    "(-1, 1)": {
      "(-2, -1)": 0.000438570961375627,
      "(-2, 0)": 0.0022550020374608624,
      "(-2, 1)": 0.0030569624391029834,
      "(-1, -1)": 0.037065966908989424,
      "(-1, 0)": 0.13740090772609728,
      "(-1, 1)": 0.1869795809143543,
      "(0, -1)": 0.07082942988930502,
      "(0, 0)": 0.2299080364487872,
      "(0, 1)": 0.3299734081303368,
      "(1, -1)": 0.00015353589486500537,
      "(1, 0)": 0.000583950721530206,
      "(1, 1)": 0.0010217252026792504,
      "(2, -1)": 2.0436732147858323e-05,
      "(2, 0)": 0.00012440554471213327,
      "(2, 1)": 0.00018808044825607793,
      "'FAIL'": 0.0
    },
    "(0, -1)": {
      "(-2, -1)": 0.00015993625612228994,
      "(-2, 0)": 9.351324886919551e-06,
      "(-2, 1)": 3.339288296073655e-07,
      "(-1, -1)": 0.008582343641912358,
      "(-1, 0)": 0.00043863544555567546,
      "(-1, 1)": 3.0210615655413324e-06,
      "(0, -1)": 0.8065106488200067,
      "(0, 0)": 0.032994798916180616,
      "(0, 1)": 0.0006248320416517762,
      "(1, -1)": 0.1448087511676533,
      "(1, 0)": 0.005418300841558107,
      "(1, 1)": 7.743794920738657e-05,
      "(2, -1)": 0.00036316496375648,
      "(2, 0)": 8.103871583807919e-06,
      "(2, 1)": 3.3976952961440563e-07,
      "'FAIL'": 0.0
    },
    "(0, 0)": {
      "(-2, -1)": 8.259165830667458e-05,
      "(-2, 0)": 0.00015487308634071375,
      "(-2, 1)": 7.305729243612491e-06,
      "(-1, -1)": 0.003601719525148492,
      "(-1, 0)": 0.007961504153179037,
      "(-1, 1)": 0.00023701890498144628,
      "(0, -1)": 0.24967435768695107,
      "(0, 0)": 0.5625499092366099,
      "(0, 1)": 0.018522776844693993,
      "(1, -1)": 0.04722568735672818,
      "(1, 0)": 0.10620432796584736,
      "(1, 1)": 0.0034440037252631097,
      "(2, -1)": 0.0001521241401305051,
      "(2, 0)": 0.00017355631636242587,
      "(2, 1)": 8.243670213387801e-06,
      "'FAIL'": 0.0
    },
    "(0, 1)": {
      "(-2, -1)": 2.5301723207027082e-05,
      "(-2, 0)": 0.00011268857499456405,
      "(-2, 1)": 0.00011340211591245403,
      "(-1, -1)": 0.0013921215356668469,
      "(-1, 0)": 0.0038286377127232365,
      "(-1, 1)": 0.005478415425438117,
      "(0, -1)": 0.08984888438509747,
      "(0, 0)": 0.3170277047427384,
      "(0, 1)": 0.43002820687749865,
      "(1, -1)": 0.01632513304267492,
      "(1, 0)": 0.055498632895060414,
      "(1, 1)": 0.08006482353354683,
      "(2, -1)": 4.240244511456097e-05,
      "(2, 0)": 6.503174290620377e-05,
      "(2, 1)": 0.00014861324742029044,
      "'FAIL'": 0.0
    },
    "(1, -1)": {
      "(-2, -1)": 0.00033957277714157777,
      "(-2, 0)": 9.913981647854278e-06,
      "(-2, 1)": 5.534374596303641e-07,
      "(-1, -1)": 0.0008778142509745236,
      "(-1, 0)": 4.013909483772979e-05,
      "(-1, 1)": 1.1831793312493524e-06,
      "(0, -1)": 0.3367865332847866,
      "(0, 0)": 0.012386806645293858,
      "(0, 1)": 0.0001466423293162078,
      "(1, -1)": 0.6211099282657243,
      "(1, 0)": 0.025853332377015734,
      "(1, 1)": 0.0003235055381889201,
      "(2, -1)": 0.0020272526860066822,
      "(2, 0)": 9.472661038637096e-05,
      "(2, 1)": 2.095541888713737e-06,
      "'FAIL'": 0.0
    },
    "(1, 0)": {
      "(-2, -1)": 0.00022378086479328023,
      "(-2, 0)": 0.00021779543845586695,
      "(-2, 1)": 9.564544645533923e-06,
      "(-1, -1)": 0.0002448185863895264,
      "(-1, 0)": 0.0007394390777926616,
      "(-1, 1)": 1.9916719218653445e-05,
      "(0, -1)": 0.10613037940890917,
      "(0, 0)": 0.2331891728204027,
      "(0, 1)": 0.007462773950174038,
      "(1, -1)": 0.19846477333010837,
      "(1, 0)": 0.4365418027747047,
      "(1, 1)": 0.01399858042453331,
      "(2, -1)": 0.0009247796448478629,
      "(2, 0)": 0.0017516811621017014,
      "(2, 1)": 8.07412529226346e-05,
      "'FAIL'": 0.0
    },
    "(1, 1)": {
      "(-2, -1)": 6.650798037194108e-05,
      "(-2, 0)": 5.199441127011565e-05,
      "(-2, 1)": 0.0002050180222187528,
      "(-1, -1)": 3.902523072938972e-05,
      "(-1, 0)": 0.0005069176185001997,
      "(-1, 1)": 0.0005007746507123802,
      "(0, -1)": 0.037169142883831024,
      "(0, 0)": 0.12235077208988376,
      "(0, 1)": 0.18039150025752684,
      "(1, -1)": 0.07295636622705136,
      "(1, 0)": 0.24867350009190267,
      "(1, 1)": 0.3350652231732372,
      "(2, -1)": 0.00013746211441507296,
      "(2, 0)": 0.0007092131545546244,
      "(2, 1)": 0.001176582093794593,
      "'FAIL'": 0.0
    },
    "(2, -1)": {
      "(-2, -1)": 0.0013925887890865116,
      "(-2, 0)": 0.00010066387053127023,
      "(-2, 1)": 2.361971563481621e-06,
      "(-1, -1)": 0.001628244984128799,
      "(-1, 0)": 4.120465457959026e-05,
      "(-1, 1)": 1.3783751847497529e-06,
      "(0, -1)": 0.24108199664479021,
      "(0, 0)": 0.009438821805136156,
      "(0, 1)": 0.0001958780853878556,