{
  "realization": {
    "'FAIL'": {
      "'FAIL'": 1.0
    },
    "(-2, -1)": {
      "(-2, -1)": 0.2554986180238361,
      "(-2, 0)": 0.008231778350073942,
      "(-2, 1)": 0.0002651903807577191,
      "(-1, -1)": 0.3306643008106893,
      "(-1, 0)": 0.012791496017781576,
      "(-1, 1)": 0.0002523522893618463,
      "(0, -1)": 0.3706643790547204,
      "(0, 0)": 0.01267524706726914,
      "(0, 1)": 0.0004650213300872325,
      "(1, -1)": 0.004092965771851247,
      "(1, 0)": 0.00019165382166375832,
      "(1, 1)": 8.249188037260362e-06,
      "(2, -1)": 0.003979572352185795,
      "(2, 0)": 0.00021736483639640448,
      "(2, 1)": 1.8107052884211746e-06,
      "'FAIL'": 0.0
    },
    "(-2, 0)": {
      "(-2, -1)": 0.0751694329235176,
      "(-2, 0)": 0.1746033091548764,
      "(-2, 1)": 0.00725375223046475,
      "(-1, -1)": 0.11119257467195856,
      "(-1, 0)": 0.22841218958419493,
      "(-1, 1)": 0.007803086967428603,
      "(0, -1)": 0.09749636441537642,
      "(0, 0)": 0.2791505982312136,
      "(0, 1)": 0.007671527970999266,
      "(1, -1)": 0.0018523504427106702,
      "(1, 0)": 0.003669893726078118,
      "(1, 1)": 0.00010034508760823884,
      "(2, -1)": 0.0011516720392632047,
      "(2, 0)": 0.004391765231985785,
      "(2, 1)": 8.11373223237334e-05,
      "'FAIL'": 0.0
    },
    "(-2, 1)": {
      "(-2, -1)": 0.02913811843180493,
      "(-2, 0)": 0.08806316384672729,
      "(-2, 1)": 0.14364500287696297,
      "(-1, -1)": 0.03527549332859192,
      "(-1, 0)": 0.14335330721565323,
      "(-1, 1)": 0.19002546664193912,
      "(0, -1)": 0.03699773357624206,
      "(0, 0)": 0.12997133122645196,
      "(0, 1)": 0.19731860022723052,
      "(1, -1)": 0.0004922135781213311,
      "(1, 0)": 0.0021362908422922606,
      "(1, 1)": 0.00048493080466796025,
      "(2, -1)": 0.0,
      "(2, 0)": 0.0012135331150113305,
      "(2, 1)": 0.0018848142883032028,
      "'FAIL'": 0.0
    },
    "(-1, -1)": {
      "(-2, -1)": 0.005067070614350952,
      "(-2, 0)": 0.00023777317487067088,
      "(-2, 1)": 4.8436004769138724e-06,
      "(-1, -1)": 0.3619880948821011,
      "(-1, 0)": 0.0126068004089624,
      "(-1, 1)": 0.00025795994673007865,
      "(0, -1)": 0.5932174521562882,
      "(0, 0)": 0.023676219142038445,
      "(0, 1)": 0.0006122925958626809,
      "(1, -1)": 0.0017635395825127448,
      "(1, 0)": 8.272281566343081e-05,
      "(1, 1)": 2.89521794393567e-06,
      "(2, -1)": 0.0004509042780221888,
      "(2, 0)": 3.0492933623873692e-05,
      "(2, 1)": 9.386505523770566e-07,
      "'FAIL'": 0.0
    },
    "(-1, 0)": {
      "(-2, -1)": 0.0012754364963210758,
      "(-2, 0)": 0.003950305752719708,
      "(-2, 1)": 0.00015842888938432864,
      "(-1, -1)": 0.11241942980794103,
      "(-1, 0)": 0.2500351103783338,
      "(-1, 1)": 0.008061201343140457,
      "(0, -1)": 0.19482559657342063,
      "(0, 0)": 0.4137004684341968,
      "(0, 1)": 0.01293124031831477,
      "(1, -1)": 0.0009147923414221926,
      "(1, 0)": 0.0013801526105714826,
      "(1, 1)": 4.736301367892335e-05,
      "(2, -1)": 0.00022504838082041174,
      "(2, 0)": 4.656647285742381e-05,
      "(2, 1)": 2.8859186876932324e-05,
      "'FAIL'": 0.0
    },
    "(-1, 1)": {
      "(-2, -1)": 0.0002449003824960913,
      "(-2, 0)": 0.0021789540973527403,
      "(-2, 1)": 0.0023451413085570725,
      "(-1, -1)": 0.03837247331128669,
      "(-1, 0)": 0.14191265635686032,
      "(-1, 1)": 0.19011446134595536,
      "(0, -1)": 0.06946879718229425,
      "(0, 0)": 0.2188749727312408,
      "(0, 1)": 0.3333373930023473,
      "(1, -1)": 0.0001543848235047347,
      "(1, 0)": 0.0011235626462035308,
      "(1, 1)": 0.0011108144485467496,
      "(2, -1)": 0.00011600430461783083,
      "(2, 0)": 0.00032629770718426744,
      "(2, 1)": 0.00031918635155219903,
      "'FAIL'": 0.0
    },
    "(0, -1)": {
      "(-2, -1)": 0.0,
      "(-2, 0)": 1.8792175608778325e-05,
      "(-2, 1)": 8.209267792814683e-07,
      "(-1, -1)": 0.010161472734657569,
      "(-1, 0)": 0.0005116015497766112,
      "(-1, 1)": 8.443390436025201e-06,
      "(0, -1)": 0.8072130380229148,
      "(0, 0)": 0.02992754389931645,
      "(0, 1)": 0.0008706713338207969,
      "(1, -1)": 0.1463984078180826,
      "(1, 0)": 0.004444507959543313,
      "(1, 1)": 0.00013922234930091533,
      "(2, -1)": 0.0002955740881056582,
      "(2, 0)": 9.15175915927883e-06,
      "(2, 1)": 7.519924978481008e-07,
      "'FAIL'": 0.0
    },
    "(0, 0)": {
      "(-2, -1)": 0.00013681184405529162,
      "(-2, 0)": 0.000206251469066645,
      "(-2, 1)": 1.3796754550202483e-05,
      "(-1, -1)": 0.0038100907289873977,
      "(-1, 0)": 0.0064418567289013995,
      "(-1, 1)": 0.0002600350488518819,
      "(0, -1)": 0.24737835922503332,
      "(0, 0)": 0.5688112204192692,
      "(0, 1)": 0.01853572427453695,
      "(1, -1)": 0.044248798882989826,
      "(1, 0)": 0.1055143893825971,
      "(1, 1)": 0.003929421314676274,
      "(2, -1)": 0.00016715362572865448,
      "(2, 0)": 0.0005311665478450698,
      "(2, 1)": 1.492375291075821e-05,
      "'FAIL'": 0.0
    },
    "(0, 1)": {
      "(-2, -1)": 4.734073509874578e-05,
      "(-2, 0)": 0.00024026714816511726,
      "(-2, 1)": 7.40669080712639e-05,
      "(-1, -1)": 0.0014082404616213493,
      "(-1, 0)": 0.004425718046243773,
      "(-1, 1)": 0.0055592304891847605,
      "(0, -1)": 0.08863891651410252,
      "(0, 0)": 0.302568051903116,
      "(0, 1)": 0.4378919334735271,
      "(1, -1)": 0.017620817680474497,
      "(1, 0)": 0.05627873280890676,
      "(1, 1)": 0.08485392463008333,
      "(2, -1)": 6.161182798742e-05,
      "(2, 0)": 0.00013742662002624417,
      "(2, 1)": 0.00019372075339110968,
      "'FAIL'": 0.0
    },
    "(1, -1)": {
      "(-2, -1)": 0.0002842239084494666,
      "(-2, 0)": 1.7857528254241435e-05,
      "(-2, 1)": 1.8443528771778925e-06,
      "(-1, -1)": 0.0015012126673140396,
      "(-1, 0)": 6.455685419842515e-05,
      "(-1, 1)": 2.8807884944502243e-06,
      "(0, -1)": 0.3306205270788251,
      "(0, 0)": 0.01570811797618162,
      "(0, 1)": 0.00020639210744687804,
      "(1, -1)": 0.6239514731074804,
      "(1, 0)": 0.02363816484621259,
      "(1, 1)": 0.0006722843703837508,
      "(2, -1)": 0.0032207796440418177,
      "(2, 0)": 0.00010652604962926144,
      "(2, 1)": 3.1587202107019986e-06,
      "'FAIL'": 0.0
    },
    "(1, 0)": {
      "(-2, -1)": 0.0003316298148108446,
      "(-2, 0)": 0.00022693936595450802,
      "(-2, 1)": 1.81341534524854e-05,
      "(-1, -1)": 0.00034972742443298207,
      "(-1, 0)": 0.0008258582682261781,
      "(-1, 1)": 3.854681004261077e-05,
      "(0, -1)": 0.10546765221615366,
      "(0, 0)": 0.22877225973420237,
      "(0, 1)": 0.008063293786209586,
      "(1, -1)": 0.2007991014740442,
      "(1, 0)": 0.43794614957647293,
      "(1, 1)": 0.013744259773206698,
      "(2, -1)": 0.0010611758027228122,
      "(2, 0)": 0.002273747721589864,
      "(2, 1)": 8.152407847814698e-05,
      "'FAIL'": 0.0
    },
    "(1, 1)": {
      "(-2, -1)": 7.406354039743687e-05,
      "(-2, 0)": 0.0001757052456387355,
      "(-2, 1)": 0.0002554237686300901,
      "(-1, -1)": 4.3668529978585536e-05,
      "(-1, 0)": 0.0003991462590663186,
      "(-1, 1)": 0.00045280620465223736,
      "(0, -1)": 0.03625445096535257,
      "(0, 0)": 0.12773911710764682,
      "(0, 1)": 0.1785683250797177,
      "(1, -1)": 0.06729153628326963,
      "(1, 0)": 0.24106162268404802,
      "(1, 1)": 0.3448053164336402,
      "(2, -1)": 0.0005612414829862314,
      "(2, 0)": 0.0009160194034802133,
      "(2, 1)": 0.0014015570114951185,
      "'FAIL'": 0.0
    },
    "(2, -1)": {
      "(-2, -1)": 0.002183874020228826,
      "(-2, 0)": 0.00020013245644045444,
      "(-2, 1)": 3.715172024846889e-06,
      "(-1, -1)": 0.0026537327871917027,
      "(-1, 0)": 0.00016299876075785008,
      "(-1, 1)": 5.921035522922237e-06,
      "(0, -1)": 0.21737879425545512,
      "(0, 0)": 0.009000866120852314,
      "(0, 1)": 0.00025625715410134347,
      "(1, -1)": 0.3833738124767656,