{
  "realization": {
    "'FAIL'": {
      "'FAIL'": 1.0
    },
    "(-2, -1)": {
      "(-2, -1)": 0.23188808445531803,
      "(-2, 0)": 0.010746496292776908,
      "(-2, 1)": 0.000490208279536084,
      "(-1, -1)": 0.3457132552085425,
      "(-1, 0)": 0.013698770640448285,
      "(-1, 1)": 0.00010307930424655015,
      "(0, -1)": 0.37337177682693906,
      "(0, 0)": 0.011902200094967704,
      "(0, 1)": 0.0005687951472871089,
      "(1, -1)": 0.0024023869695956553,
      "(1, 0)": 2.9156812569053906e-05,
      "(1, 1)": 5.7564428658247945e-06,
      "(2, -1)": 0.008930440604563097,
      "(2, 0)": 0.000137662450266167,
      "(2, 1)": 1.1930470077916055e-05,
      "'FAIL'": 0.0
    },
    "(-2, 0)": {
      "(-2, -1)": 0.07709882171859149,
      "(-2, 0)": 0.17387837509939447,
      "(-2, 1)": 0.004519964213182711,
      "(-1, -1)": 0.11753369227964185,
      "(-1, 0)": 0.2367661682457141,
      "(-1, 1)": 0.0061116959045239274,
      "(0, -1)": 0.0975837704021689,
      "(0, 0)": 0.26716713471478076,
      "(0, 1)": 0.008455652093681851,
      "(1, -1)": 0.0022587877651030126,
      "(1, 0)": 0.00369689953173532,
      "(1, 1)": 0.00010286677614805329,
      "(2, -1)": 0.001829727069179952,
      "(2, 0)": 0.002996444186153677,
      "(2, 1)": 0.0,
      "'FAIL'": 0.0
    },
    "(-2, 1)": {
      "(-2, -1)": 0.024220816736530218,
      "(-2, 0)": 0.10626690508538074,
      "(-2, 1)": 0.1651555317166946,
      "(-1, -1)": 0.02674779949734508,
      "(-1, 0)": 0.12106112752806306,
      "(-1, 1)": 0.19274240792327013,
      "(0, -1)": 0.034444790299675836,
      "(0, 0)": 0.12743945493318695,
      "(0, 1)": 0.19169116918460785,
      "(1, -1)": 0.00013344009930463488,
      "(1, 0)": 0.001067492559423952,
      "(1, 1)": 0.003254185266791151,
      "(2, -1)": 0.0004297582723130442,
      "(2, 0)": 0.0016930848850899981,
      "(2, 1)": 0.0036520360123229517,
      "'FAIL'": 0.0
    },
    "(-1, -1)": {
      "(-2, -1)": 0.004354961655971434,
      "(-2, 0)": 0.00018863591494534875,
      "(-2, 1)": 1.1373613810103555e-05,
      "(-1, -1)": 0.3493034359883316,
      "(-1, 0)": 0.013020877376907469,
      "(-1, 1)": 0.0003549986249793516,
      "(0, -1)": 0.6039703601855382,
      "(0, 0)": 0.025332197480525374,
      "(0, 1)": 0.001256579461442492,
      "(1, -1)": 0.0013552843074143579,
      "(1, 0)": 0.00014525276224254424,
      "(1, 1)": 3.679918196011384e-06,
      "(2, -1)": 0.0006807424942320971,
      "(2, 0)": 1.873434314686893e-05,
      "(2, 1)": 2.8858723168368488e-06,
      "'FAIL'": 0.0
    },
    "(-1, 0)": {
      "(-2, -1)": 0.0011141606154865048,
      "(-2, 0)": 0.0027086862293794985,
      "(-2, 1)": 0.00010345603331896858,
      "(-1, -1)": 0.11198370024019093,
      "(-1, 0)": 0.2303641397123203,
      "(-1, 1)": 0.008217508024748554,
      "(0, -1)": 0.19585159745519615,
      "(0, 0)": 0.4344865088018265,
      "(0, 1)": 0.012693879847762289,
      "(1, -1)": 0.0007394190728987049,
      "(1, 0)": 0.0011051916914176692,
      "(1, 1)": 3.1970729452530355e-05,
      "(2, -1)": 4.246587609272909e-05,
      "(2, 0)": 0.0005489653792260444,
      "(2, 1)": 8.350290682484405e-06,
      "'FAIL'": 0.0
    },
    "(-1, 1)": {
      "(-2, -1)": 0.0004043990684626277,
      "(-2, 0)": 0.0022483610631430463,
      "(-2, 1)": 0.004239183839819926,
      "(-1, -1)": 0.033676102448939906,
      "(-1, 0)": 0.14934713495652854,
      "(-1, 1)": 0.1927926376827248,
      "(0, -1)": 0.06435456219861091,
      "(0, 0)": 0.2277899478704702,
      "(0, 1)": 0.3221678885114976,
      "(1, -1)": 9.958385524092249e-05,
      "(1, 0)": 0.0009330474466884005,
      "(1, 1)": 0.0012186694418577482,
      "(2, -1)": 0.00010094206958770067,
      "(2, 0)": 0.00025580692809928213,
      "(2, 1)": 0.0003717326183283502,
      "'FAIL'": 0.0
    },
    "(0, -1)": {
      "(-2, -1)": 3.578842726244284e-05,
      "(-2, 0)": 3.3618646226879387e-06,
      "(-2, 1)": 7.177783674627668e-08,
      "(-1, -1)": 0.011495517933276727,
      "(-1, 0)": 0.00043107309429966847,
      "(-1, 1)": 1.0579324671840342e-06,
      "(0, -1)": 0.7892033240781616,
      "(0, 0)": 0.04070210966333169,
      "(0, 1)": 0.0008493938891139344,
      "(1, -1)": 0.15210384671967048,
      "(1, 0)": 0.0045430099173999015,
      "(1, 1)": 0.00015299702645225357,
      "(2, -1)": 0.0004293213413239463,
      "(2, 0)": 4.839715409754134e-05,
      "(2, 1)": 7.291806831632195e-07,
      "'FAIL'": 0.0
    },
    "(0, 0)": {
      "(-2, -1)": 0.00017741279359413794,
      "(-2, 0)": 0.0004540885921211904,
      "(-2, 1)": 1.647985526923968e-05,
      "(-1, -1)": 0.00453808853230412,
      "(-1, 0)": 0.008176640925040975,
      "(-1, 1)": 0.00025547746497384284,
      "(0, -1)": 0.2486826037983369,
      "(0, 0)": 0.5621839938192096,
      "(0, 1)": 0.019025521425925885,
      "(1, -1)": 0.05051309628971156,
      "(1, 0)": 0.10236621770957591,
      "(1, 1)": 0.0029062062903617665,
      "(2, -1)": 0.00015281674556257477,
      "(2, 0)": 0.0005267569412179429,
      "(2, 1)": 2.4598816794374755e-05,
      "'FAIL'": 0.0
    },
    "(0, 1)": {
      "(-2, -1)": 9.937952470674245e-05,
      "(-2, 0)": 0.0002459579011880361,
      "(-2, 1)": 7.363987361230345e-05,
      "(-1, -1)": 0.001232854829697246,
      "(-1, 0)": 0.004588951350705916,
      "(-1, 1)": 0.006703039999740183,
      "(0, -1)": 0.08009902391127897,
      "(0, 0)": 0.3059184153386252,
      "(0, 1)": 0.4452247097894707,
      "(1, -1)": 0.014425368045357828,
      "(1, 0)": 0.05507175324915072,
      "(1, 1)": 0.08563476344216978,
      "(2, -1)": 9.791155307471305e-05,
      "(2, 0)": 0.00025658933820662513,
      "(2, 1)": 0.0003276418530150304,
      "'FAIL'": 0.0
    },
    "(1, -1)": {
      "(-2, -1)": 0.000601038887124819,
      "(-2, 0)": 3.874278347813233e-06,
      "(-2, 1)": 1.6342630774102394e-06,
      "(-1, -1)": 0.0012756120329248722,
      "(-1, 0)": 6.028462301976276e-05,
      "(-1, 1)": 4.218867978010845e-06,
      "(0, -1)": 0.32005240319683964,
      "(0, 0)": 0.013256607757532887,
      "(0, 1)": 0.0006958950483914371,
      "(1, -1)": 0.6323836011192809,
      "(1, 0)": 0.028428302620670413,
      "(1, 1)": 0.00043000381123350825,
      "(2, -1)": 0.0026769623375266735,
      "(2, 0)": 0.0001277875999679086,
      "(2, 1)": 1.7735560838145159e-06,
      "'FAIL'": 0.0
    },
    "(1, 0)": {
      "(-2, -1)": 5.776924366618795e-05,
      "(-2, 0)": 0.00017127497096219692,
      "(-2, 1)": 1.0830934784201735e-05,
      "(-1, -1)": 0.00011795059509227194,
      "(-1, 0)": 0.0003746356544850793,
      "(-1, 1)": 3.796378076837585e-05,
      "(0, -1)": 0.10226043341585449,
      "(0, 0)": 0.23421883122680665,
      "(0, 1)": 0.006015039564864881,
      "(1, -1)": 0.19702789926982378,
      "(1, 0)": 0.44509743833501453,
      "(1, 1)": 0.012955211722397832,
      "(2, -1)": 0.0005286178486552657,
      "(2, 0)": 0.001099576540610392,
      "(2, 1)": 2.6526896213797896e-05,
      "'FAIL'": 0.0
    },
    "(1, 1)": {
      "(-2, -1)": 9.519621422937182e-05,
      "(-2, 0)": 0.00027196994210721933,
      "(-2, 1)": 0.00026323788940085563,
      "(-1, -1)": 0.00012680384254559008,
      "(-1, 0)": 4.047490745436719e-05,
      "(-1, 1)": 0.0008461792763488173,
      "(0, -1)": 0.03542585128919165,
      "(0, 0)": 0.13243200020774454,
      "(0, 1)": 0.18745077328800525,
      "(1, -1)": 0.05524165151073587,
      "(1, 0)": 0.24162681688886484,
      "(1, 1)": 0.34321749568158083,
      "(2, -1)": 0.00025510728631480896,
      "(2, 0)": 0.0013962570062907905,
      "(2, 1)": 0.0013101847691851987,
      "'FAIL'": 0.0
    },
    "(2, -1)": {
      "(-2, -1)": 0.0035393237728792333,
      "(-2, 0)": 7.349188619568394e-05,
      "(-2, 1)": 5.333232701567974e-06,
      "(-1, -1)": 0.0020719154872143454,
      "(-1, 0)": 0.00012417264961008318,
      "(-1, 1)": 1.2239676870996234e-05,
      "(0, -1)": 0.23107494640156578,
      "(0, 0)": 0.01188101588511775,
      "(0, 1)": 0.0004282983856153645,