{
  "realization": {
    "'FAIL'": {
      "'FAIL'": 1.0
    },
    "(-2, -1)": {
      "(-2, -1)": 0.24531780280108847,
      "(-2, 0)": 0.011399762895976188,
      "(-2, 1)": 0.0003839005381090068,
      "(-1, -1)": 0.3179531891178165,
      "(-1, 0)": 0.014872998611121667,
      "(-1, 1)": 0.00013736217469684223,
      "(0, -1)": 0.37365935869859984,
      "(0, 0)": 0.018445328109257367,
      "(0, 1)": 0.0003076468459159226,
      "(1, -1)": 0.010767046245140051,
      "(1, 0)": 0.00020110183934145373,
      "(1, 1)": 1.2180282471677602e-05,
      "(2, -1)": 0.006223166039563925,
      "(2, 0)": 0.00030428866914180934,
      "(2, 1)": 1.4867131759152627e-05,
      "'FAIL'": 0.0
    },
    "(-2, 0)": {
      "(-2, -1)": 0.07647838400958581,
      "(-2, 0)": 0.18040742285925193,
      "(-2, 1)": 0.005297146585498071,
      "(-1, -1)": 0.11649630832016682,
      "(-1, 0)": 0.23252048524126398,
      "(-1, 1)": 0.0077018665548920515,
      "(0, -1)": 0.10030087477592751,
      "(0, 0)": 0.2643602893843641,
      "(0, 1)": 0.008419314135408336,
      "(1, -1)": 0.0015223013863437877,
      "(1, 0)": 0.0016499200521934692,
      "(1, 1)": 0.00013628517282942307,
      "(2, -1)": 0.0015103625623991892,
      "(2, 0)": 0.003175072740376095,
      "(2, 1)": 2.3966219499203035e-05,
      "'FAIL'": 0.0
    },
    "(-2, 1)": {
      "(-2, -1)": 0.027159445390709348,
      "(-2, 0)": 0.08931474057178622,
      "(-2, 1)": 0.14351192173011978,
      "(-1, -1)": 0.02911377715813102,
      "(-1, 0)": 0.11380421189145318,
      "(-1, 1)": 0.2137396300540283,
      "(0, -1)": 0.046696491772283966,
      "(0, 0)": 0.12710102692406408,
      "(0, 1)": 0.1943624975449152,
      "(1, -1)": 0.0006719432102953825,
      "(1, 0)": 0.0013640835767075722,
      "(1, 1)": 0.004556906032977256,
      "(2, -1)": 0.0006200991358155144,
      "(2, 0)": 0.00306630510178354,
      "(2, 1)": 0.004916919904929658,
      "'FAIL'": 0.0
    },
    "(-1, -1)": {
      "(-2, -1)": 0.006880056113211623,
      "(-2, 0)": 0.00030795773443337136,
      "(-2, 1)": 9.155380716930209e-06,
      "(-1, -1)": 0.3428748604888257,
      "(-1, 0)": 0.014247845274943566,
      "(-1, 1)": 0.00046278481538762997,
      "(0, -1)": 0.6098956606673204,
      "(0, 0)": 0.021353961398983073,
      "(0, 1)": 0.0004757244056053575,
      "(1, -1)": 0.002265147263571938,
      "(1, 0)": 0.00015740107715441745,
      "(1, 1)": 4.0288413025485245e-06,
      "(2, -1)": 0.0010006884233306472,
      "(2, 0)": 6.282025603449276e-05,
      "(2, 1)": 1.907859178362822e-06,
      "'FAIL'": 0.0
    },
    "(-1, 0)": {
      "(-2, -1)": 0.0020914355719262004,
      "(-2, 0)": 0.0026027064069133114,
      "(-2, 1)": 0.0001260269736257802,
      "(-1, -1)": 0.1094733203611837,
      "(-1, 0)": 0.24037805877631052,
      "(-1, 1)": 0.008678331283761241,
      "(0, -1)": 0.18860697925184863,
      "(0, 0)": 0.4308024343233487,
      "(0, 1)": 0.014133533175112907,
      "(1, -1)": 0.0008134166466200733,
      "(1, 0)": 0.001838168857483329,
      "(1, 1)": 3.317905905567644e-05,
      "(2, -1)": 9.158451444807496e-05,
      "(2, 0)": 0.0003249850696258691,
      "(2, 1)": 5.839728736009938e-06,
      "'FAIL'": 0.0
    },
    "(-1, 1)": {
      "(-2, -1)": 0.0005258643235291163,
      "(-2, 0)": 0.002061967461374621,
      "(-2, 1)": 0.0015755874651514287,
      "(-1, -1)": 0.03541552971699979,
      "(-1, 0)": 0.14118858220825045,
      "(-1, 1)": 0.19039731615642183,
      "(0, -1)": 0.0668911707247825,
      "(0, 0)": 0.22443903351606367,
      "(0, 1)": 0.3355395075153512,
      "(1, -1)": 0.00013780305292265227,
      "(1, 0)": 0.0005552532240121534,
      "(1, 1)": 0.0006043724294256493,
      "(2, -1)": 6.623798933391833e-05,
      "(2, 0)": 0.00042274139556913476,
      "(2, 1)": 0.0001790328208118518,
      "'FAIL'": 0.0
    },
    "(0, -1)": {
      "(-2, -1)": 0.000652475972043894,
      "(-2, 0)": 2.21568687455923e-05,
      "(-2, 1)": 5.359236282971724e-07,
      "(-1, -1)": 0.010541329770719175,
      "(-1, 0)": 0.000532936999759911,
      "(-1, 1)": 1.9914496124722684e-05,
      "(0, -1)": 0.7929731874432171,
      "(0, 0)": 0.03588792829479979,
      "(0, 1)": 0.0016418032923042742,
      "(1, -1)": 0.1505545568465391,
      "(1, 0)": 0.005833993723626404,
      "(1, 1)": 0.0002220648321060021,
      "(2, -1)": 0.0010915878187073575,
      "(2, 0)": 2.35674737187114e-05,
      "(2, 1)": 1.9602439596802757e-06,
      "'FAIL'": 0.0
    },
    "(0, 0)": {
      "(-2, -1)": 0.0001905572908607954,
      "(-2, 0)": 0.00017596034050805037,
      "(-2, 1)": 1.8180803155404503e-05,
      "(-1, -1)": 0.0036275938077417838,
      "(-1, 0)": 0.00826293042356246,
      "(-1, 1)": 0.0002261587178881041,
      "(0, -1)": 0.24299132812326524,
      "(0, 0)": 0.5778001093877538,
      "(0, 1)": 0.01567548244794705,
      "(1, -1)": 0.043516000771023626,
      "(1, 0)": 0.10310516664484488,
      "(1, 1)": 0.003906488788247157,
      "(2, -1)": 0.00012232050743826906,
      "(2, 0)": 0.0003598696968984713,
      "(2, 1)": 2.185224886476575e-05,
      "'FAIL'": 0.0
    },
    "(0, 1)": {
      "(-2, -1)": 4.710771297539504e-05,
      "(-2, 0)": 0.00028953776914060996,
      "(-2, 1)": 0.00039763389047451297,
      "(-1, -1)": 0.0008526401815510998,
      "(-1, 0)": 0.004021059192896218,
      "(-1, 1)": 0.004426192154978621,
      "(0, -1)": 0.08425988877398888,
      "(0, 0)": 0.3096480178362404,
      "(0, 1)": 0.44208879851239713,
      "(1, -1)": 0.016874372559541384,
      "(1, 0)": 0.05929436384912057,
      "(1, 1)": 0.07728368166405553,
      "(2, -1)": 8.28562637497279e-05,
      "(2, 0)": 0.00010877608185936955,
      "(2, 1)": 0.00032507355703065597,
      "'FAIL'": 0.0
    },
    "(1, -1)": {
      "(-2, -1)": 0.000992266326221837,
      "(-2, 0)": 1.0226523884382393e-05,
      "(-2, 1)": 1.929745441522731e-06,
      "(-1, -1)": 0.0015158471147177287,
      "(-1, 0)": 5.536980904340233e-05,
      "(-1, 1)": 3.3504412276987906e-06,
      "(0, -1)": 0.33816858874192535,
      "(0, 0)": 0.013564898354089042,
      "(0, 1)": 0.0006271651632197651,
      "(1, -1)": 0.6137158584701322,
      "(1, 0)": 0.027822839944137118,
      "(1, 1)": 0.0008173412055041916,
      "(2, -1)": 0.0025791225401559227,
      "(2, 0)": 0.00012234919515077881,
      "(2, 1)": 2.8464251490535003e-06,
      "'FAIL'": 0.0
    },
    "(1, 0)": {
      "(-2, -1)": 0.00033533053474148417,
      "(-2, 0)": 0.00036304852600038424,
      "(-2, 1)": 1.098118971046e-05,
      "(-1, -1)": 0.00011370144479348513,
      "(-1, 0)": 0.0005829035371601037,
      "(-1, 1)": 2.3358412992542172e-05,
      "(0, -1)": 0.10336069675040051,
      "(0, 0)": 0.23060913095376354,
      "(0, 1)": 0.008144623070037866,
      "(1, -1)": 0.19612078818957535,
      "(1, 0)": 0.444938544511964,
      "(1, 1)": 0.012698255770365856,
      "(2, -1)": 0.000964587655543921,
      "(2, 0)": 0.0016826215603488594,
      "(2, 1)": 5.142789260172169e-05,
      "'FAIL'": 0.0
    },
    "(1, 1)": {
      "(-2, -1)": 0.0001635711230216051,
      "(-2, 0)": 0.0,
      "(-2, 1)": 0.0003957982202399711,
      "(-1, -1)": 9.255010625574212e-05,
      "(-1, 0)": 0.00044721003977868016,
      "(-1, 1)": 0.0005554558024814267,
      "(0, -1)": 0.033828483009027153,
      "(0, 0)": 0.13070259838613735,
      "(0, 1)": 0.19841171262259338,
      "(1, -1)": 0.056683817727012475,
      "(1, 0)": 0.2288935272690917,
      "(1, 1)": 0.3470338791250632,
      "(2, -1)": 0.00034324360254020845,
      "(2, 0)": 0.0006113881601523738,
      "(2, 1)": 0.0018367648066048604,
      "'FAIL'": 0.0
    },
    "(2, -1)": {
      "(-2, -1)": 0.0035412789488557563,
      "(-2, 0)": 0.0003430044542780327,
      "(-2, 1)": 1.53534258158209e-05,
      "(-1, -1)": 0.0038426030952606015,
      "(-1, 0)": 0.00021179001754841398,
      "(-1, 1)": 1.0907504972234765e-05,
      "(0, -1)": 0.24932001976449006,
      "(0, 0)": 0.008811069258255946,
      "(0, 1)": 0.0002972676854531376,