{
  "realization": {
    "'FAIL'": {
      "'FAIL'": 1.0
    },
    "(-2, -1)": {
      "(-2, -1)": 0.23522519071649925,
      "(-2, 0)": 0.010202036091080492,
      "(-2, 1)": 0.00041200866554384503,
      "(-1, -1)": 0.35296654061175253,
      "(-1, 0)": 0.014299669281855755,
      "(-1, 1)": 0.0004840504393756121,
      "(0, -1)": 0.3672014684272129,
      "(0, 0)": 0.01620116409701682,
      "(0, 1)": 0.00033103971661571803,
      "(1, -1)": 0.0013811622225019299,
      "(1, 0)": 0.0001276692170633435,
      "(1, 1)": 9.461491442063013e-06,
      "(2, -1)": 0.0007753132665850321,
      "(2, 0)": 0.0003772227035106814,
      "(2, 1)": 6.00305194404959e-06,
      "'FAIL'": 0.0
    },
    "(-2, 0)": {
      "(-2, -1)": 0.07564052149738565,
      "(-2, 0)": 0.17670440177524663,
      "(-2, 1)": 0.006756613402592313,
      "(-1, -1)": 0.12247335176359134,
      "(-1, 0)": 0.22359732073821945,
      "(-1, 1)": 0.007574138475923526,
      "(0, -1)": 0.10747949765756663,
      "(0, 0)": 0.25793419841641346,
      "(0, 1)": 0.008422781949876217,
      "(1, -1)": 0.002099335011926901,
      "(1, 0)": 0.005455734309694439,
      "(1, 1)": 0.0,
      "(2, -1)": 0.0019396638381209597,
      "(2, 0)": 0.0037102732358655277,
      "(2, 1)": 0.00021216792757687165,
      "'FAIL'": 0.0
    },
    "(-2, 1)": {
      "(-2, -1)": 0.03223474816813662,
      "(-2, 0)": 0.09541397322777848,
      "(-2, 1)": 0.13852829658503027,
      "(-1, -1)": 0.04373191215620558,
      "(-1, 0)": 0.12433655484829118,
      "(-1, 1)": 0.17950654866087157,
      "(0, -1)": 0.035634537036337156,
      "(0, 0)": 0.1402213401545427,
      "(0, 1)": 0.19955434637539682,
      "(1, -1)": 0.0006282428217482968,
      "(1, 0)": 0.002592672720412036,
      "(1, 1)": 0.0018324736439568222,
      "(2, -1)": 0.0003446721816007136,
      "(2, 0)": 0.0009827611597201798,
      "(2, 1)": 0.004456920259971546,
      "'FAIL'": 0.0
    },
    "(-1, -1)": {
      "(-2, -1)": 0.006255620760882652,
      "(-2, 0)": 9.73639822335655e-05,
      "(-2, 1)": 5.05797658702013e-06,
      "(-1, -1)": 0.3533134236248132,
      "(-1, 0)": 0.012846610886961481,
      "(-1, 1)": 0.0002701816536410709,
      "(0, -1)": 0.59383669617299,
      "(0, 0)": 0.028019241005636592,
      "(0, 1)": 0.001256579461442492,
      "(1, -1)": 0.0026026436447458504,
      "(1, 0)": 0.0001857046605400888,
      "(1, 1)": 3.058943017157627e-06,
      "(2, -1)": 0.0012866718460062647,
      "(2, 0)": 1.8639250460051874e-05,
      "(2, 1)": 2.506130042395523e-06,
      "'FAIL'": 0.0
    },
    "(-1, 0)": {
      "(-2, -1)": 0.0017202686009081913,
      "(-2, 0)": 0.0044882099122798835,
      "(-2, 1)": 0.00015628190676678287,
      "(-1, -1)": 0.11391052072533632,
      "(-1, 0)": 0.23906809182700509,
      "(-1, 1)": 0.006830833583143416,
      "(0, -1)": 0.18265377504988473,
      "(0, 0)": 0.435272484052491,
      "(0, 1)": 0.013407423458432606,
      "(1, -1)": 0.0006479522810700519,
      "(1, 0)": 0.0015644537600790595,
      "(1, 1)": 2.591343441327735e-05,
      "(2, -1)": 0.0,
      "(2, 0)": 0.00024460872279674417,
      "(2, 1)": 9.182685392983923e-06,
      "'FAIL'": 0.0
    },
    "(-1, 1)": {
      "(-2, -1)": 0.0003222276828606049,
      "(-2, 0)": 0.0019917598556325987,
      "(-2, 1)": 0.00256731948490481,
      "(-1, -1)": 0.03602763845031824,
      "(-1, 0)": 0.13402177005659818,
      "(-1, 1)": 0.1997118092661498,
      "(0, -1)": 0.05616787820788665,
      "(0, 0)": 0.22781391298055578,
      "(0, 1)": 0.33948434897791135,
      "(1, -1)": 0.000238182100464365,
      "(1, 0)": 0.00030603383071267133,
      "(1, 1)": 0.0007430400646230846,
      "(2, -1)": 6.645693719473786e-05,
      "(2, 0)": 0.00027821946114492684,
      "(2, 1)": 0.000259402643042201,
      "'FAIL'": 0.0
    },
    "(0, -1)": {
      "(-2, -1)": 0.0004468006172000135,
      "(-2, 0)": 3.86517591935559e-05,
      "(-2, 1)": 1.2016921947153362e-06,
      "(-1, -1)": 0.010274836754531575,
      "(-1, 0)": 0.00044763470868018705,
      "(-1, 1)": 1.4682168860257705e-05,
      "(0, -1)": 0.802881213762382,
      "(0, 0)": 0.03064318767398936,
      "(0, 1)": 0.00024019791369044583,
      "(1, -1)": 0.14876273143706892,
      "(1, 0)": 0.005762342360761508,
      "(1, 1)": 5.866730732689523e-05,
      "(2, -1)": 0.00041186402131626815,
      "(2, 0)": 1.4739230030411905e-05,
      "(2, 1)": 1.248592773969584e-06,
      "'FAIL'": 0.0
    },
    "(0, 0)": {
      "(-2, -1)": 4.164994213556917e-05,
      "(-2, 0)": 0.00029026481598611595,
      "(-2, 1)": 8.049442268226336e-06,
      "(-1, -1)": 0.003309239516232757,
      "(-1, 0)": 0.00730031209389035,
      "(-1, 1)": 0.00030841518196312716,
      "(0, -1)": 0.2499521179498482,
      "(0, 0)": 0.5724259143109358,
      "(0, 1)": 0.017162025197036242,
      "(1, -1)": 0.044135855173451,
      "(1, 0)": 0.1006053232005449,
      "(1, 1)": 0.003786734741642069,
      "(2, -1)": 0.000185202174650134,
      "(2, 0)": 0.0004796502600175307,
      "(2, 1)": 9.245999398046996e-06,
      "'FAIL'": 0.0
    },
    "(0, 1)": {
      "(-2, -1)": 5.734347685130169e-05,
      "(-2, 0)": 0.00017091918194356214,
      "(-2, 1)": 0.00037260941754877825,
      "(-1, -1)": 0.0008797406114507746,
      "(-1, 0)": 0.004515843859845202,
      "(-1, 1)": 0.005878320256162132,
      "(0, -1)": 0.08529321746841001,
      "(0, 0)": 0.3149332244048078,
      "(0, 1)": 0.44115665991551867,
      "(1, -1)": 0.018663352667235372,
      "(1, 0)": 0.054275817627542425,
      "(1, 1)": 0.07333063940878627,
      "(2, -1)": 0.00010067539901562932,
      "(2, 0)": 0.00010366897115212092,
      "(2, 1)": 0.0002679673337298037,
      "'FAIL'": 0.0
    },
    "(1, -1)": {
      "(-2, -1)": 0.00032357374844070705,
      "(-2, 0)": 1.112484400740903e-05,
      "(-2, 1)": 1.5002346203066626e-06,
      "(-1, -1)": 0.0007582741577384924,
      "(-1, 0)": 3.9675572380067715e-05,
      "(-1, 1)": 1.91829629997272e-06,
      "(0, -1)": 0.33584782120415074,
      "(0, 0)": 0.01350456774582578,
      "(0, 1)": 4.473802608476917e-05,
      "(1, -1)": 0.6253904680959896,
      "(1, 0)": 0.020820782117526596,
      "(1, 1)": 0.0005828577861269766,
      "(2, -1)": 0.0025284027947730073,
      "(2, 0)": 0.00014429537603555893,
      "(2, 1)": 0.0,
      "'FAIL'": 0.0
    },
    "(1, 0)": {
      "(-2, -1)": 0.00031020712328585706,
      "(-2, 0)": 5.877439862725389e-06,
      "(-2, 1)": 1.0036543438410991e-05,
      "(-1, -1)": 0.00013485351480744468,
      "(-1, 0)": 0.001623897096192626,
      "(-1, 1)": 3.261161309975685e-05,
      "(0, -1)": 0.10664126798088552,
      "(0, 0)": 0.23645777012367017,
      "(0, 1)": 0.008136246164367585,
      "(1, -1)": 0.20470581246281552,
      "(1, 0)": 0.42431324411114074,
      "(1, 1)": 0.01463803322912658,
      "(2, -1)": 0.0007945572784921362,
      "(2, 0)": 0.002113081564053246,
      "(2, 1)": 8.250375476169537e-05,
      "'FAIL'": 0.0
    },
    "(1, 1)": {
      "(-2, -1)": 0.00012010015430193406,
      "(-2, 0)": 0.00020870962485870372,
      "(-2, 1)": 0.0002754022027010104,
      "(-1, -1)": 0.00016992662063564863,
      "(-1, 0)": 0.0007999723338577942,
      "(-1, 1)": 0.0005954975050751884,
      "(0, -1)": 0.037194452390822634,
      "(0, 0)": 0.12310746613517892,
      "(0, 1)": 0.17385191035071815,
      "(1, -1)": 0.06123779828576748,
      "(1, 0)": 0.23703574297138677,
      "(1, 1)": 0.36209867609522267,
      "(2, -1)": 0.00030221587546020313,
      "(2, 0)": 0.0012996459298561024,
      "(2, 1)": 0.0017024835241567847,
      "'FAIL'": 0.0
    },
    "(2, -1)": {
      "(-2, -1)": 0.001101408310672481,
      "(-2, 0)": 0.00015703666718712458,
      "(-2, 1)": 6.651719113089995e-06,
      "(-1, -1)": 0.0033312976782959693,
      "(-1, 0)": 0.00018895792080770337,
      "(-1, 1)": 3.481383583782964e-06,
      "(0, -1)": 0.2716928656046872,
      "(0, 0)": 0.011372922234192676,
      "(0, 1)": 0.00024707036738904416,
      "(1, -1)": 0.3862771970335696,
      "(1, 0)": 0.014998067834645605,