{
  "realization": {
    "'FAIL'": {
      "'FAIL'": 1.0
    },
    "(-2, -1)": {
      "(-2, -1)": 0.20887622548773102,
      "(-2, 0)": 0.01315487899594069,
      "(-2, 1)": 0.000593243728388337,
      "(-1, -1)": 0.34943419001098885,
      "(-1, 0)": 0.013650394241090477,
      "(-1, 1)": 8.542320639725868e-06,
      "(0, -1)": 0.38829335401181425,
      "(0, 0)": 0.013746808744753643,
      "(0, 1)": 0.0006245200026140143,
      "(1, -1)": 0.00903425458591036,
      "(1, 0)": 0.0007274518653765531,
      "(1, 1)": 2.5867541016999527e-06,
      "(2, -1)": 0.001585633877712662,
      "(2, 0)": 0.0002467013947198843,
      "(2, 1)": 2.121397821775341e-05,
      "'FAIL'": 0.0
    },
    "(-2, 0)": {
      "(-2, -1)": 0.07053247643207428,
      "(-2, 0)": 0.15041828141382133,
      "(-2, 1)": 0.005628349220359006,
      "(-1, -1)": 0.10889607956992423,
      "(-1, 0)": 0.263677264633194,
      "(-1, 1)": 0.006257909064616785,
      "(0, -1)": 0.08915942762415001,
      "(0, 0)": 0.282554200203843,
      "(0, 1)": 0.009310502829798764,
      "(1, -1)": 0.002873526237110931,
      "(1, 0)": 0.008051688724377573,
      "(1, 1)": 0.00017178269245110713,
      "(2, -1)": 0.000257511875861404,
      "(2, 0)": 0.0020757831346318156,
      "(2, 1)": 0.00013521634378561986,
      "'FAIL'": 0.0
    },
    "(-2, 1)": {
      "(-2, -1)": 0.030304442853771374,
      "(-2, 0)": 0.09698520798062629,
      "(-2, 1)": 0.15437758373828775,
      "(-1, -1)": 0.040173600676173614,
      "(-1, 0)": 0.12017392425518006,
      "(-1, 1)": 0.2009973207886436,
      "(0, -1)": 0.04176036054788295,
      "(0, 0)": 0.10752272382866988,
      "(0, 1)": 0.19412485231711304,
      "(1, -1)": 0.0007895713124502688,
      "(1, 0)": 0.0023913904525124452,
      "(1, 1)": 0.004965023419861665,
      "(2, -1)": 0.00038882305639238214,
      "(2, 0)": 0.003390100843075985,
      "(2, 1)": 0.0016550739293585968,
      "'FAIL'": 0.0
    },
    "(-1, -1)": {
      "(-2, -1)": 0.005606078539379399,
      "(-2, 0)": 0.00024779646901791814,
      "(-2, 1)": 1.951860238269142e-05,
      "(-1, -1)": 0.348885854609372,
      "(-1, 0)": 0.012047542386601036,
      "(-1, 1)": 0.0004321626287372607,
      "(0, -1)": 0.5973748826687153,
      "(0, 0)": 0.03196549243326968,
      "(0, 1)": 0.0001431909934482291,
      "(1, -1)": 0.002212199557474022,
      "(1, 0)": 0.00016166629727617967,
      "(1, 1)": 9.413515021428465e-06,
      "(2, -1)": 0.0008165632081635192,
      "(2, 0)": 7.420486086809163e-05,
      "(2, 1)": 3.4332302732479575e-06,
      "'FAIL'": 0.0
    },
    "(-1, 0)": {
      "(-2, -1)": 0.0016433246885388718,
      "(-2, 0)": 0.0028276588439311136,
      "(-2, 1)": 0.0001479331882081679,
      "(-1, -1)": 0.10809252061953843,
      "(-1, 0)": 0.2406076438942783,
      "(-1, 1)": 0.008855552208626787,
      "(0, -1)": 0.19146875246739523,
      "(0, 0)": 0.42529358393696615,
      "(0, 1)": 0.016514578389614384,
      "(1, -1)": 0.0008817930869459829,
      "(1, 0)": 0.002798349321974322,
      "(1, 1)": 8.398471784041184e-05,
      "(2, -1)": 0.0005724954416189465,
      "(2, 0)": 0.0002118291945229915,
      "(2, 1)": 0.0,
      "'FAIL'": 0.0
    },
    "(-1, 1)": {
      "(-2, -1)": 0.0002266791266289085,
      "(-2, 0)": 0.0024866158529929018,
      "(-2, 1)": 0.0023883597454869322,
      "(-1, -1)": 0.03210758704808197,
      "(-1, 0)": 0.13406989558026577,
      "(-1, 1)": 0.189600754083708,
      "(0, -1)": 0.07160043155859887,
      "(0, 0)": 0.23802280580428486,
      "(0, 1)": 0.3263140561199598,
      "(1, -1)": 2.009309546873982e-05,
      "(1, 0)": 0.0009641641014288425,
      "(1, 1)": 0.00154160119260716,
      "(2, -1)": 0.00018157449660113212,
      "(2, 0)": 0.0,
      "(2, 1)": 0.00047538219388613945,
      "'FAIL'": 0.0
    },
    "(0, -1)": {
      "(-2, -1)": 0.0009872048135047375,
      "(-2, 0)": 1.2674524983803184e-05,
      "(-2, 1)": 1.4828981168261353e-06,
      "(-1, -1)": 0.010251116828711333,
      "(-1, 0)": 0.0004709965426116036,
      "(-1, 1)": 5.848651303006322e-06,
      "(0, -1)": 0.7932232688824788,
      "(0, 0)": 0.03834403436072245,
      "(0, 1)": 0.0013070319476577049,
      "(1, -1)": 0.14726789329478504,
      "(1, 0)": 0.006878239741205631,
      "(1, 1)": 0.0004229498482094826,
      "(2, -1)": 0.0007820389256777946,
      "(2, 0)": 4.3320181989230474e-05,
      "(2, 1)": 1.8985580423094245e-06,
      "'FAIL'": 0.0
    },
    "(0, 0)": {
      "(-2, -1)": 0.00019681822383711656,
      "(-2, 0)": 0.0002395301348193052,
      "(-2, 1)": 8.402511837784721e-06,
      "(-1, -1)": 0.0019659410329455236,
      "(-1, 0)": 0.0080452787435821,
      "(-1, 1)": 0.00011922046919909406,
      "(0, -1)": 0.2425860471133752,
      "(0, 0)": 0.5759899268144014,
      "(0, 1)": 0.01680358354365215,
      "(1, -1)": 0.044403349895916,
      "(1, 0)": 0.10596031179285359,
      "(1, 1)": 0.0027282634053495953,
      "(2, -1)": 0.0002791084823632312,
      "(2, 0)": 0.0006558545996631371,
      "(2, 1)": 1.836323620468665e-05,
      "'FAIL'": 0.0
    },
    "(0, 1)": {
      "(-2, -1)": 8.789536213595401e-05,
      "(-2, 0)": 0.0004755599961053793,
      "(-2, 1)": 0.0004565126865361651,
      "(-1, -1)": 0.001475803892883071,
      "(-1, 0)": 0.003961086905020153,
      "(-1, 1)": 0.00456621419481105,
      "(0, -1)": 0.08640970979785788,
      "(0, 0)": 0.30294148653498104,
      "(0, 1)": 0.4476270633602081,
      "(1, -1)": 0.016317693407960233,
      "(1, 0)": 0.05695273811869223,
      "(1, 1)": 0.0779630626806901,
      "(2, -1)": 0.0001299961870386061,
      "(2, 0)": 0.00035882101432984254,
      "(2, 1)": 0.0002763558607501309,
      "'FAIL'": 0.0
    },
    "(1, -1)": {
      "(-2, -1)": 0.0006728093468657715,
      "(-2, 0)": 1.9224811786549302e-05,
      "(-2, 1)": 2.2357473166762734e-06,
      "(-1, -1)": 0.0016467243223221573,
      "(-1, 0)": 5.8494186402637384e-05,
      "(-1, 1)": 2.769398456256811e-06,
      "(0, -1)": 0.3351385823011502,
      "(0, 0)": 0.011581749663030154,
      "(0, 1)": 0.0005047813922436356,
      "(1, -1)": 0.6215303438959061,
      "(1, 0)": 0.024956041915274497,
      "(1, 1)": 0.0012180670189484307,
      "(2, -1)": 0.002605765544093193,
      "(2, 0)": 6.183208939358303e-05,
      "(2, 1)": 5.783668102685905e-07,
      "'FAIL'": 0.0
    },
    "(1, 0)": {
      "(-2, -1)": 0.00046393578699235747,
      "(-2, 0)": 0.0005622100758163024,
      "(-2, 1)": 2.0659717167194852e-05,
      "(-1, -1)": 0.0002821156998573068,
      "(-1, 0)": 0.0016716711150411947,
      "(-1, 1)": 4.360578697203984e-05,
      "(0, -1)": 0.10553716904743544,
      "(0, 0)": 0.22521044241882496,
      "(0, 1)": 0.007911757689193928,
      "(1, -1)": 0.19837658286730248,
      "(1, 0)": 0.4407362582624055,
      "(1, 1)": 0.01500871901982995,
      "(2, -1)": 0.0011949161513958174,
      "(2, 0)": 0.0028380053716169236,
      "(2, 1)": 0.00014195099014871403,
      "'FAIL'": 0.0
    },
    "(1, 1)": {
      "(-2, -1)": 0.0,
      "(-2, 0)": 3.7395600573610866e-05,
      "(-2, 1)": 0.00042435237736937275,
      "(-1, -1)": 5.817365433960504e-06,
      "(-1, 0)": 0.0010213356209360805,
      "(-1, 1)": 0.0003706602789097116,
      "(0, -1)": 0.03412809820613235,
      "(0, 0)": 0.13064227159144418,
      "(0, 1)": 0.18334934654280208,
      "(1, -1)": 0.07219127668549616,
      "(1, 0)": 0.23272086215269858,
      "(1, 1)": 0.3435630263704106,
      "(2, -1)": 0.00020667956841827247,
      "(2, 0)": 0.0003526861045869265,
      "(2, 1)": 0.0009861915347880836,
      "'FAIL'": 0.0
    },
    "(2, -1)": {
      "(-2, -1)": 0.0020343455878967373,
      "(-2, 0)": 0.0003932502462074366,
      "(-2, 1)": 7.644589447523427e-06,
      "(-1, -1)": 0.005493491354189905,
      "(-1, 0)": 0.0001085935668683528,
      "(-1, 1)": 1.0422977026087207e-05,
      "(0, -1)": 0.2033885042129553,
      "(0, 0)": 0.008614287927635024,
      "(0, 1)": 0.000645056541624526,
      "(1, -1)": 0.39467390651642403,
      "(1, 0)": 0.013218405598519625,