{
  "realization": {
    "'FAIL'": {
      "'FAIL'": 1.0
    },
    "(-2, -1)": {
      "(-2, -1)": 0.2028980721380863,
      "(-2, 0)": 0.009566853202079756,
      "(-2, 1)": 0.0003311525019085703,
      "(-1, -1)": 0.3830737707531327,
      "(-1, 0)": 0.014911658388497387,
      "(-1, 1)": 0.0,
      "(0, -1)": 0.3676040783208064,
      "(0, 0)": 0.012896916499457334,
      "(0, 1)": 0.00048276991679691695,
      "(1, -1)": 0.004525607592788706,
      "(1, 0)": 0.00015642703445042745,
      "(1, 1)": 3.22681719411796e-05,
      "(2, -1)": 0.002895153949309108,
      "(2, 0)": 0.000614287341336272,
      "(2, 1)": 1.0984189408853907e-05,
      "'FAIL'": 0.0
    },
    "(-2, 0)": {
      "(-2, -1)": 0.06694111163505426,
      "(-2, 0)": 0.15927034187896774,
      "(-2, 1)": 0.0066921398646604124,
      "(-1, -1)": 0.11627232321776311,
      "(-1, 0)": 0.25664920737837954,
      "(-1, 1)": 0.005962319037354973,
      "(0, -1)": 0.11675655431844954,
      "(0, 0)": 0.25013345545431354,
      "(0, 1)": 0.008665686778061786,
      "(1, -1)": 0.002822928692746378,
      "(1, 0)": 0.00855516162499906,
      "(1, 1)": 0.00021647422340452033,
      "(2, -1)": 0.0007831201163911905,
      "(2, 0)": 0.00023635634241760416,
      "(2, 1)": 4.281943703633888e-05,
      "'FAIL'": 0.0
    },
    "(-2, 1)": {
      "(-2, -1)": 0.019414098374366844,
      "(-2, 0)": 0.08240894966453033,
      "(-2, 1)": 0.1435417569146153,
      "(-1, -1)": 0.03331697098763543,
      "(-1, 0)": 0.13871771569270008,
      "(-1, 1)": 0.21451907653487268,
      "(0, -1)": 0.03455156942647197,
      "(0, 0)": 0.121849030897213,
      "(0, 1)": 0.19940686039243877,
      "(1, -1)": 0.00023522474952477726,
      "(1, 0)": 0.0014346904770778167,
      "(1, 1)": 0.0034757929995372023,
      "(2, -1)": 0.00015281379508089908,
      "(2, 0)": 0.0011822347330656183,
      "(2, 1)": 0.005793214360869296,
      "'FAIL'": 0.0
    },
    "(-1, -1)": {
      "(-2, -1)": 0.005437063940639815,
      "(-2, 0)": 0.00035530304234671057,
      "(-2, 1)": 1.4871380837098596e-05,
      "(-1, -1)": 0.3373143744982034,
      "(-1, 0)": 0.017799615686830417,
      "(-1, 1)": 0.0003120621247503295,
      "(0, -1)": 0.5948767241559363,
      "(0, 0)": 0.0388089870082159,
      "(0, 1)": 0.0008716077189416967,
      "(1, -1)": 0.0016937297886567954,
      "(1, 0)": 0.0002573548235926071,
      "(1, 1)": 1.0013208566339731e-05,
      "(2, -1)": 0.0021662325799582886,
      "(2, 0)": 7.860183331571129e-05,
      "(2, 1)": 3.458209208675898e-06,
      "'FAIL'": 0.0
    },
    "(-1, 0)": {
      "(-2, -1)": 0.0010064517479450867,
      "(-2, 0)": 0.0014299562015271854,
      "(-2, 1)": 0.0001378395294981611,
      "(-1, -1)": 0.11698144203638144,
      "(-1, 0)": 0.24340027828401403,
      "(-1, 1)": 0.007033843257908606,
      "(0, -1)": 0.1854058544171519,
      "(0, 0)": 0.42868093066166996,
      "(0, 1)": 0.01241165356154651,
      "(1, -1)": 0.0008362858117456583,
      "(1, 0)": 0.0014024742322427312,
      "(1, 1)": 3.392993746103064e-05,
      "(2, -1)": 0.00024888816983477423,
      "(2, 0)": 0.0009538922098215677,
      "(2, 1)": 3.62799412514257e-05,
      "'FAIL'": 0.0
    },
    "(-1, 1)": {
      "(-2, -1)": 0.0003053948074048196,
      "(-2, 0)": 0.00282193127994955,
      "(-2, 1)": 0.0024487714591172887,
      "(-1, -1)": 0.038998776295767604,
      "(-1, 0)": 0.12493201634343656,
      "(-1, 1)": 0.19023758359542856,
      "(0, -1)": 0.08250127888596569,
      "(0, 0)": 0.2272885915691831,
      "(0, 1)": 0.3256075793814665,
      "(1, -1)": 0.0002482156375886937,
      "(1, 0)": 0.0019817412328037563,
      "(1, 1)": 0.0011606553682926414,
      "(2, -1)": 0.0003200078614391161,
      "(2, 0)": 0.0005641894365817664,
      "(2, 1)": 0.0005832668455743855,
      "'FAIL'": 0.0
    },
    "(0, -1)": {
      "(-2, -1)": 0.00018499838132821195,
      "(-2, 0)": 4.2741933872984134e-05,
      "(-2, 1)": 1.6678173453167434e-06,
      "(-1, -1)": 0.009447169462796275,
      "(-1, 0)": 0.000482564332097652,
      "(-1, 1)": 9.527501401657172e-06,
      "(0, -1)": 0.79717113560873,
      "(0, 0)": 0.041415116653543915,
      "(0, 1)": 0.0010213170882650334,
      "(1, -1)": 0.14326404501171353,
      "(1, 0)": 0.00629480839711518,
      "(1, 1)": 0.0,
      "(2, -1)": 0.000637206121127139,
      "(2, 0)": 2.5893842040819613e-05,
      "(2, 1)": 1.807848622220225e-06,
      "'FAIL'": 0.0
    },
    "(0, 0)": {
      "(-2, -1)": 0.00015519712149514195,
      "(-2, 0)": 0.00028094988922754615,
      "(-2, 1)": 7.489638616689136e-06,
      "(-1, -1)": 0.0031574262766263816,
      "(-1, 0)": 0.007489597991726878,
      "(-1, 1)": 0.00020658348388248607,
      "(0, -1)": 0.24827669374604236,
      "(0, 0)": 0.5680605963261488,
      "(0, 1)": 0.015055261761092082,
      "(1, -1)": 0.04728192106094563,
      "(1, 0)": 0.10545221212313872,
      "(1, 1)": 0.003610663807498222,
      "(2, -1)": 0.00034454489963021224,
      "(2, 0)": 0.0006049702001721222,
      "(2, 1)": 1.5891673756729323e-05,
      "'FAIL'": 0.0
    },
    "(0, 1)": {
      "(-2, -1)": 0.0001270991848434292,
      "(-2, 0)": 0.00046297831771290596,
      "(-2, 1)": 0.0003543707641376516,
      "(-1, -1)": 0.0013555235070628468,
      "(-1, 0)": 0.00367458985551712,
      "(-1, 1)": 0.004486197184725109,
      "(0, -1)": 0.07367040937455911,
      "(0, 0)": 0.33787196252982865,
      "(0, 1)": 0.4234275296056002,
      "(1, -1)": 0.01787368254020158,
      "(1, 0)": 0.053814886234920256,
      "(1, 1)": 0.08172525893723699,
      "(2, -1)": 8.990622712020714e-05,
      "(2, 0)": 0.00028648425502329067,
      "(2, 1)": 0.0007791214815105632,
      "'FAIL'": 0.0
    },
    "(1, -1)": {
      "(-2, -1)": 0.00017153195030787443,
      "(-2, 0)": 4.4123260398308294e-05,
      "(-2, 1)": 2.84239451292478e-06,
      "(-1, -1)": 0.0014629107925350228,
      "(-1, 0)": 0.00013648578435782282,
      "(-1, 1)": 9.456714488553505e-06,
      "(0, -1)": 0.33685952561488075,
      "(0, 0)": 0.020659978079047125,
      "(0, 1)": 0.00044316181717039,
      "(1, -1)": 0.6084351136751076,
      "(1, 0)": 0.025958856816512516,
      "(1, 1)": 0.0012581529187765251,
      "(2, -1)": 0.0043788219543902124,
      "(2, 0)": 0.00016024325633415498,
      "(2, 1)": 1.8794971180137795e-05,
      "'FAIL'": 0.0
    },
    "(1, 0)": {
      "(-2, -1)": 0.0004881247278389685,
      "(-2, 0)": 0.0013179826957830005,
      "(-2, 1)": 2.7142682914831908e-05,
      "(-1, -1)": 0.00029104619605072713,
      "(-1, 0)": 0.0017950440922953287,
      "(-1, 1)": 7.605315851151834e-05,
      "(0, -1)": 0.11299483807100437,
      "(0, 0)": 0.2202562944498786,
      "(0, 1)": 0.009215427157691322,
      "(1, -1)": 0.20507751370622174,
      "(1, 0)": 0.42927078539063973,
      "(1, 1)": 0.01317870674305679,
      "(2, -1)": 0.0015036463220207462,
      "(2, 0)": 0.004452402151100375,
      "(2, 1)": 5.499245499203716e-05,
      "'FAIL'": 0.0
    },
    "(1, 1)": {
      "(-2, -1)": 9.693131419698809e-05,
      "(-2, 0)": 0.0004280687365639626,
      "(-2, 1)": 0.0004306459511541071,
      "(-1, -1)": 0.0003350541547394882,
      "(-1, 0)": 0.0008854077000797744,
      "(-1, 1)": 0.0014094587419723492,
      "(0, -1)": 0.030147788315488686,
      "(0, 0)": 0.11536572813600515,
      "(0, 1)": 0.17720985485029678,
      "(1, -1)": 0.06897867795201768,
      "(1, 0)": 0.26584903750486283,
      "(1, 1)": 0.33660959558420844,
      "(2, -1)": 0.0002685354448198398,
      "(2, 0)": 0.0013201804185263557,
      "(2, 1)": 0.0006650351950676685,
      "'FAIL'": 0.0
    },
    "(2, -1)": {
      "(-2, -1)": 0.004196706758685626,
      "(-2, 0)": 0.0004479133449674795,
      "(-2, 1)": 1.6346738302367077e-05,
      "(-1, -1)": 0.004775480521913575,
      "(-1, 0)": 0.00019766391812999767,
      "(-1, 1)": 1.4422331988442093e-05,
      "(0, -1)": 0.1911155438878575,
      "(0, 0)": 0.013571061216097986,
      "(0, 1)": 0.0008519477880199469,
      "(1, -1)": 0.419524495149845,