{
  "realization": {
    "'FAIL'": {
      "'FAIL'": 1.0
    },
    "(-2, -1)": {
      "(-2, -1)": 0.245962344582446,
      "(-2, 0)": 0.010146889121381189,
      "(-2, 1)": 0.00028425652258143644,
      "(-1, -1)": 0.344994263750355,
      "(-1, 0)": 0.013572307715065405,
      "(-1, 1)": 0.00032419398665402673,
      "(0, -1)": 0.3672105939975781,
      "(0, 0)": 0.015408164154866295,
      "(0, 1)": 0.00022575750399703216,
      "(1, -1)": 0.0009808124089906228,
      "(1, 0)": 8.39974942705829e-05,
      "(1, 1)": 4.683379191984506e-06,
      "(2, -1)": 0.0005505775211141728,
      "(2, 0)": 0.00024818638827518827,
      "(2, 1)": 2.9714732328747734e-06,
      "'FAIL'": 0.0
    },
    "(-2, 0)": {
      "(-2, -1)": 0.07868461802927196,
      "(-2, 0)": 0.1810904634042232,
      "(-2, 1)": 0.006547437373925542,
      "(-1, -1)": 0.11704290803857162,
      "(-1, 0)": 0.22412750436957168,
      "(-1, 1)": 0.007397472519241175,
      "(0, -1)": 0.1097199049879846,
      "(0, 0)": 0.25761027586158025,
      "(0, 1)": 0.008277536279212428,
      "(1, -1)": 0.0014828435325849668,
      "(1, 0)": 0.003871297268014751,
      "(1, 1)": 0.0,
      "(2, -1)": 0.0013700614534631263,
      "(2, 0)": 0.0026327474591406443,
      "(2, 1)": 0.00014492942321406445,
      "'FAIL'": 0.0
    },
    "(-2, 1)": {
      "(-2, -1)": 0.03200862193037687,
      "(-2, 0)": 0.09736830869529961,
      "(-2, 1)": 0.1422136661511506,
      "(-1, -1)": 0.04183671773142829,
      "(-1, 0)": 0.12314967484432471,
      "(-1, 1)": 0.17915228046360693,
      "(0, -1)": 0.03703891868253645,
      "(0, 0)": 0.1392181433757008,
      "(0, 1)": 0.2003788238305855,
      "(1, -1)": 0.00044372264237758214,
      "(1, 0)": 0.0018062973508249365,
      "(1, 1)": 0.0012985018167419923,
      "(2, -1)": 0.00024343907463727281,
      "(2, 0)": 0.0006846829780405485,
      "(2, 1)": 0.0031582004323679157,
      "'FAIL'": 0.0
    },
    "(-1, -1)": {
      "(-2, -1)": 0.00571899793389958,
      "(-2, 0)": 0.0001117602464376803,
      "(-2, 1)": 3.1379872852526867e-06,
      "(-1, -1)": 0.35519560610826756,
      "(-1, 0)": 0.012976218509104185,
      "(-1, 1)": 0.00018903826920100216,
      "(0, -1)": 0.5953525553075096,
      "(0, 0)": 0.02632775226316539,
      "(0, 1)": 0.0008650807190822838,
      "(1, -1)": 0.0022026693483983496,
      "(1, 0)": 0.00014024700269528323,
      "(1, 1)": 1.7572915088551308e-06,
      "(2, -1)": 0.0009015883806582984,
      "(2, 0)": 1.2366248162454876e-05,
      "(2, 1)": 1.2243846242344693e-06,
      "'FAIL'": 0.0
    },
    "(-1, 0)": {
      "(-2, -1)": 0.0016158186605687258,
      "(-2, 0)": 0.004088460884582208,
      "(-2, 1)": 0.00013722147311818225,
      "(-1, -1)": 0.11392245424537713,
      "(-1, 0)": 0.2425006499691668,
      "(-1, 1)": 0.007081801386070067,
      "(0, -1)": 0.18451270874583142,
      "(0, 0)": 0.4307390818488921,
      "(0, 1)": 0.01328536593254081,
      "(1, -1)": 0.0005639218448188201,
      "(1, 0)": 0.0013501072176876122,
      "(1, 1)": 2.4150272344712657e-05,
      "(2, -1)": 0.0,
      "(2, 0)": 0.00017204022661274613,
      "(2, 1)": 6.217292388770217e-06,
      "'FAIL'": 0.0
    },
    "(-1, 1)": {
      "(-2, -1)": 0.00035447492781672907,
      "(-2, 0)": 0.0018717690087258155,
      "(-2, 1)": 0.0024992174658817336,
      "(-1, -1)": 0.0372029330626279,
      "(-1, 0)": 0.13407124771559112,
      "(-1, 1)": 0.19954019737675502,
      "(0, -1)": 0.059116617660790474,
      "(0, 0)": 0.22652811392808533,
      "(0, 1)": 0.3371736587830604,
      "(1, -1)": 0.0002055221266130751,
      "(1, 0)": 0.0003206763090712045,
      "(1, 1)": 0.0006944084847612785,
      "(2, -1)": 4.6559599298530275e-05,
      "(2, 0)": 0.00019227105463390785,
      "(2, 1)": 0.0001823324962873884,
      "'FAIL'": 0.0
    },
    "(0, -1)": {
      "(-2, -1)": 0.00031498132006135956,
      "(-2, 0)": 2.524522086154881e-05,
      "(-2, 1)": 5.905038522350008e-07,
      "(-1, -1)": 0.010235931982688845,
      "(-1, 0)": 0.000421903134550486,
      "(-1, 1)": 9.531128956207425e-06,
      "(0, -1)": 0.8062163048208417,
      "(0, 0)": 0.030491783028373874,
      "(0, 1)": 0.000167958451753685,
      "(1, -1)": 0.14620056231050904,
      "(1, 0)": 0.0055749427768920215,
      "(1, 1)": 3.967286358435653e-05,
      "(2, -1)": 0.0002903520454670808,
      "(2, 0)": 9.626861110863946e-06,
      "(2, 1)": 6.135504966614854e-07,
      "'FAIL'": 0.0
    },
    "(0, 0)": {
      "(-2, -1)": 3.005725986984468e-05,
      "(-2, 0)": 0.00020438076025657717,
      "(-2, 1)": 5.477833114104163e-06,
      "(-1, -1)": 0.0032768448626963108,
      "(-1, 0)": 0.007239323061819513,
      "(-1, 1)": 0.00028173565591901065,
      "(0, -1)": 0.2521504255528326,
      "(0, 0)": 0.5715782667451171,
      "(0, 1)": 0.017296774621398274,
      "(1, -1)": 0.044146758795731926,
      "(1, 0)": 0.09975594132194443,
      "(1, 1)": 0.003562470891478966,
      "(2, -1)": 0.00012932312556332204,
      "(2, 0)": 0.0003359415010211497,
      "(2, 1)": 6.278011236747338e-06,
      "'FAIL'": 0.0
    },
    "(0, 1)": {
      "(-2, -1)": 4.001313725870515e-05,
      "(-2, 0)": 0.0001178748554950133,
      "(-2, 1)": 0.0002600657741664156,
      "(-1, -1)": 0.0009412195154424162,
      "(-1, 0)": 0.004299034120070976,
      "(-1, 1)": 0.00579209774243339,
      "(0, -1)": 0.08700240430849962,
      "(0, 0)": 0.31183992268231375,
      "(0, 1)": 0.4435368677555665,
      "(1, -1)": 0.017825693607656085,
      "(1, 0)": 0.05363030799860843,
      "(1, 1)": 0.07438480262169796,
      "(2, -1)": 6.989362530062166e-05,
      "(2, 0)": 7.213119934104601e-05,
      "(2, 1)": 0.00018767105614917237,
      "'FAIL'": 0.0
    },
    "(1, -1)": {
      "(-2, -1)": 0.00022796596398693523,
      "(-2, 0)": 7.261553398491319e-06,
      "(-2, 1)": 7.367402108121905e-07,
      "(-1, -1)": 0.0006823679503142199,
      "(-1, 0)": 3.209904653101268e-05,
      "(-1, 1)": 1.0694486365248088e-06,
      "(0, -1)": 0.33407455208900744,
      "(0, 0)": 0.013113214077725347,
      "(0, 1)": 3.094813309310941e-05,
      "(1, -1)": 0.6274059055049428,
      "(1, 0)": 0.021520543807355828,
      "(1, 1)": 0.0004057799330574691,
      "(2, -1)": 0.00237654282295601,
      "(2, 0)": 0.00012101292878398988,
      "(2, 1)": 0.0,
      "'FAIL'": 0.0
    },
    "(1, 0)": {
      "(-2, -1)": 0.00021570939289142975,
      "(-2, 0)": 8.174677937049034e-06,
      "(-2, 1)": 6.832604129762118e-06,
      "(-1, -1)": 0.0001386073416864102,
      "(-1, 0)": 0.0012912522917023668,
      "(-1, 1)": 2.6086650644371572e-05,
      "(0, -1)": 0.10592966565764866,
      "(0, 0)": 0.23466096316237808,
      "(0, 1)": 0.007848960001816844,
      "(1, -1)": 0.20341643872702808,
      "(1, 0)": 0.4293521578439866,
      "(1, 1)": 0.014374637151521645,
      "(2, -1)": 0.0007455690472773161,
      "(2, 0)": 0.0019145016106161751,
      "(2, 1)": 7.044383873511804e-05,
      "'FAIL'": 0.0
    },
    "(1, 1)": {
      "(-2, -1)": 8.32781499311132e-05,
      "(-2, 0)": 0.00014421151695634358,
      "(-2, 1)": 0.0001937543638190619,
      "(-1, -1)": 0.0001389294705837319,
      "(-1, 0)": 0.0006299885104947363,
      "(-1, 1)": 0.0005092006290914072,
      "(0, -1)": 0.03713215206797049,
      "(0, 0)": 0.12302176157079261,
      "(0, 1)": 0.17604886718123813,
      "(1, -1)": 0.06391002865530541,
      "(1, 0)": 0.23676022151817466,
      "(1, 1)": 0.35847752902975955,
      "(2, -1)": 0.0002778608186687831,
      "(2, 0)": 0.0011382160362639413,
      "(2, 1)": 0.0015340004809500534,
      "'FAIL'": 0.0
    },
    "(2, -1)": {
      "(-2, -1)": 0.0007862102253230996,
      "(-2, 0)": 0.00010385568710336065,
      "(-2, 1)": 3.309654815378476e-06,
      "(-1, -1)": 0.002377955816106256,
      "(-1, 0)": 0.00012496670395915942,
      "(-1, 1)": 1.7322105378100279e-06,
      "(0, -1)": 0.25067595772939555,
      "(0, 0)": 0.010108932268511684,
      "(0, 1)": 0.00015864832302702126,
      "(1, -1)": 0.3979875548075987,