{
  "realization": {
    "'FAIL'": {
      "'FAIL'": 1.0
    },
    "(-2, -1)": {
      "(-2, -1)": 0.24379162692283088,
      "(-2, 0)": 0.010646695244355015,
      "(-2, 1)": 0.0002457058149979838,
      "(-1, -1)": 0.33482925280345666,
      "(-1, 0)": 0.0153574060234641,
      "(-1, 1)": 0.0002721043061056579,
      "(0, -1)": 0.37039779444213616,
      "(0, 0)": 0.016634779716529716,
      "(0, 1)": 0.00026590256619747984,
      "(1, -1)": 0.00428430802227241,
      "(1, 0)": 0.0001748564855116187,
      "(1, 1)": 3.135520313631984e-06,
      "(2, -1)": 0.0029653069910640564,
      "(2, 0)": 0.0001271629358952396,
      "(2, 1)": 3.962204869441455e-06,
      "'FAIL'": 0.0
    },
    "(-2, 0)": {
      "(-2, -1)": 0.07925785198323858,
      "(-2, 0)": 0.17134442410984438,
      "(-2, 1)": 0.00585843011503035,
      "(-1, -1)": 0.10792840173258923,
      "(-1, 0)": 0.23960617795613437,
      "(-1, 1)": 0.008653808517727924,
      "(0, -1)": 0.11229542399233867,
      "(0, 0)": 0.2632335257594945,
      "(0, 1)": 0.007754782016158277,
      "(1, -1)": 0.0012293738447087855,
      "(1, 0)": 0.00018125771310999124,
      "(1, 1)": 3.71420769508493e-05,
      "(2, -1)": 0.001097024707562132,
      "(2, 0)": 0.0014694545482300313,
      "(2, 1)": 5.292092688182406e-05,
      "'FAIL'": 0.0
    },
    "(-2, 1)": {
      "(-2, -1)": 0.028079169919746034,
      "(-2, 0)": 0.09704869546472654,
      "(-2, 1)": 0.13303226623054223,
      "(-1, -1)": 0.04563337153709453,
      "(-1, 0)": 0.12380451981548159,
      "(-1, 1)": 0.18190161848889258,
      "(0, -1)": 0.044955684142162916,
      "(0, 0)": 0.14416366928792013,
      "(0, 1)": 0.19450850614185156,
      "(1, -1)": 0.00014640445721333475,
      "(1, 0)": 0.0012304554462094347,
      "(1, 1)": 0.0017209040594874476,
      "(2, -1)": 0.00014365686535799097,
      "(2, 0)": 0.0015207528023202924,
      "(2, 1)": 0.0021103253409933925,
      "'FAIL'": 0.0
    },
    "(-1, -1)": {
      "(-2, -1)": 0.005080585095294101,
      "(-2, 0)": 0.00028563800979091017,
      "(-2, 1)": 6.148265791301858e-06,
      "(-1, -1)": 0.3499289929746364,
      "(-1, 0)": 0.01317265460129966,
      "(-1, 1)": 0.00017289485361081443,
      "(0, -1)": 0.6056237335466272,
      "(0, 0)": 0.022538229138090775,
      "(0, 1)": 0.00013926303194573543,
      "(1, -1)": 0.0026376909407148457,
      "(1, 0)": 0.00012321770040908125,
      "(1, 1)": 1.2384319727259735e-06,
      "(2, -1)": 0.00026652137075685407,
      "(2, 0)": 2.2779022658053168e-05,
      "(2, 1)": 4.130164015897505e-07,
      "'FAIL'": 0.0
    },
    "(-1, 0)": {
      "(-2, -1)": 0.0019823837540753854,
      "(-2, 0)": 0.00287675161699986,
      "(-2, 1)": 0.0001441617431806903,
      "(-1, -1)": 0.11149043938816558,
      "(-1, 0)": 0.2446567301379025,
      "(-1, 1)": 0.007758908894388659,
      "(0, -1)": 0.18676887496995498,
      "(0, 0)": 0.42940249938071495,
      "(0, 1)": 0.013098253972719956,
      "(1, -1)": 0.0005161215230171885,
      "(1, 0)": 0.0008877379521766493,
      "(1, 1)": 3.257394756418346e-05,
      "(2, -1)": 0.00014857940761204896,
      "(2, 0)": 0.00022694411476554966,
      "(2, 1)": 9.039196761672501e-06,
      "'FAIL'": 0.0
    },
    "(-1, 1)": {
      "(-2, -1)": 0.0007227568174408752,
      "(-2, 0)": 0.0016238062847848483,
      "(-2, 1)": 0.0026414334356428867,
      "(-1, -1)": 0.03565829607084374,
      "(-1, 0)": 0.13766277777945884,
      "(-1, 1)": 0.18548255580395656,
      "(0, -1)": 0.06434326578860944,
      "(0, 0)": 0.2384826590201614,
      "(0, 1)": 0.33135612481912863,
      "(1, -1)": 0.00017339677692205206,
      "(1, 0)": 0.00036777422233458354,
      "(1, 1)": 0.0010951190287793746,
      "(2, -1)": 4.156638676211239e-05,
      "(2, 0)": 0.00014105123969748308,
      "(2, 1)": 0.00020741652547717735,
      "'FAIL'": 0.0
    },
    "(0, -1)": {
      "(-2, -1)": 0.00014615863651374855,
      "(-2, 0)": 1.7582060525474835e-05,
      "(-2, 1)": 2.020427101570366e-07,
      "(-1, -1)": 0.010897936962127869,
      "(-1, 0)": 0.00046086940121506625,
      "(-1, 1)": 9.95308724113954e-06,
      "(0, -1)": 0.7991206000910467,
      "(0, 0)": 0.034352966219759876,
      "(0, 1)": 0.00030820064922624726,
      "(1, -1)": 0.14788584988784823,
      "(1, 0)": 0.006158675508534435,
      "(1, 1)": 0.00015167626321992728,
      "(2, -1)": 0.0004701291049505177,
      "(2, 0)": 1.8866281556349614e-05,
      "(2, 1)": 3.338035243666228e-07,
      "'FAIL'": 0.0
    },
    "(0, 0)": {
      "(-2, -1)": 8.562251943560883e-05,
      "(-2, 0)": 0.0,
      "(-2, 1)": 3.6976987267817547e-06,
      "(-1, -1)": 0.00345725169925919,
      "(-1, 0)": 0.006115734436473046,
      "(-1, 1)": 0.000182871845287689,
      "(0, -1)": 0.2488786786505227,
      "(0, 0)": 0.5714490741248811,
      "(0, 1)": 0.016411697027406347,
      "(1, -1)": 0.044066588706397396,
      "(1, 0)": 0.10542179866494795,
      "(1, 1)": 0.0036259755761733755,
      "(2, -1)": 5.068794123863899e-05,
      "(2, 0)": 0.0002481842681364409,
      "(2, 1)": 2.136841113799311e-06,
      "'FAIL'": 0.0
    },
    "(0, 1)": {
      "(-2, -1)": 3.755545282567489e-05,
      "(-2, 0)": 0.00012870468465416623,
      "(-2, 1)": 0.0003085127888882696,
      "(-1, -1)": 0.001408563848250372,
      "(-1, 0)": 0.004328615411886449,
      "(-1, 1)": 0.006002438113080482,
      "(0, -1)": 0.09386274442562943,
      "(0, 0)": 0.30606702277631703,
      "(0, 1)": 0.4258222213326485,
      "(1, -1)": 0.016941034588777805,
      "(1, 0)": 0.06121649383870189,
      "(1, 1)": 0.08343896031430821,
      "(2, -1)": 5.646119773732896e-05,
      "(2, 0)": 0.00022276343753365352,
      "(2, 1)": 0.0001579077887606776,
      "'FAIL'": 0.0
    },
    "(1, -1)": {
      "(-2, -1)": 0.00018533375909162724,
      "(-2, 0)": 1.9942059865866164e-05,
      "(-2, 1)": 5.147955490422623e-07,
      "(-1, -1)": 0.000818475498701985,
      "(-1, 0)": 4.25955833706901e-05,
      "(-1, 1)": 1.6818957854109546e-06,
      "(0, -1)": 0.33617641358421013,
      "(0, 0)": 0.013072750265920325,
      "(0, 1)": 0.00039250890712429584,
      "(1, -1)": 0.6188360553470331,
      "(1, 0)": 0.027787779392177525,
      "(1, 1)": 0.00047398244397981956,
      "(2, -1)": 0.0020361767963812775,
      "(2, 0)": 0.00015262271092732237,
      "(2, 1)": 3.166959881627781e-06,
      "'FAIL'": 0.0
    },
    "(1, 0)": {
      "(-2, -1)": 7.780765093036749e-05,
      "(-2, 0)": 0.0,
      "(-2, 1)": 1.1023571918321239e-05,
      "(-1, -1)": 0.00012265849848151907,
      "(-1, 0)": 0.00017474640926807539,
      "(-1, 1)": 5.161053933787677e-06,
      "(0, -1)": 0.10642708278404614,
      "(0, 0)": 0.2258808176535612,
      "(0, 1)": 0.006657808898118038,
      "(1, -1)": 0.1984375256556839,
      "(1, 0)": 0.4472048082398175,
      "(1, 1)": 0.0130698221108405,
      "(2, -1)": 0.0006063452468708998,
      "(2, 0)": 0.0012776837757645597,
      "(2, 1)": 4.670845076517605e-05,
      "'FAIL'": 0.0
    },
    "(1, 1)": {
      "(-2, -1)": 4.4771608630089946e-05,
      "(-2, 0)": 0.00015918963685113756,
      "(-2, 1)": 0.00015460115015058842,
      "(-1, -1)": 0.00011182394459759889,
      "(-1, 0)": 0.00014872391181877857,
      "(-1, 1)": 0.0006272750397183328,
      "(0, -1)": 0.03543025199145397,
      "(0, 0)": 0.12304478046420482,
      "(0, 1)": 0.17744318961575067,
      "(1, -1)": 0.07547305413097054,
      "(1, 0)": 0.2505434707740502,
      "(1, 1)": 0.3354135585247294,
      "(2, -1)": 0.00021330487926389386,
      "(2, 0)": 0.0005044077038004104,
      "(2, 1)": 0.0006875966240096179,
      "'FAIL'": 0.0
    },
    "(2, -1)": {
      "(-2, -1)": 0.002739046931599781,
      "(-2, 0)": 0.00011720746112893109,
      "(-2, 1)": 3.49312541503025e-06,
      "(-1, -1)": 0.0011668448468803196,
      "(-1, 0)": 0.0001024562836240263,
      "(-1, 1)": 3.0837994328199665e-06,
      "(0, -1)": 0.2395262908958324,
      "(0, 0)": 0.010632537860814317,
      "(0, 1)": 0.00015994293369643963,
      "(1, -1)": 0.3912390331374101,