{
  "realization": {
    "'FAIL'": {
      "'FAIL'": 1.0
    },
    "(-2, -1)": {
      "(-2, -1)": 0.25825642665324317,
      "(-2, 0)": 0.014293664108407308,
      "(-2, 1)": 0.0006289597739578314,
      "(-1, -1)": 0.3164054175473811,
      "(-1, 0)": 0.013968771182697667,
      "(-1, 1)": 0.000332046119769728,
      "(0, -1)": 0.3682314885425703,
      "(0, 0)": 0.011253430755792715,
      "(0, 1)": 0.0006873361297338143,
      "(1, -1)": 0.008272053704685953,
      "(1, 0)": 0.00042626312242449103,
      "(1, 1)": 1.2111007986973211e-05,
      "(2, -1)": 0.0068178626774200515,
      "(2, 0)": 0.00040616600304503516,
      "(2, 1)": 8.002670883830008e-06,
      "'FAIL'": 0.0
    },
    "(-2, 0)": {
      "(-2, -1)": 0.07538095821190384,
      "(-2, 0)": 0.21853750034834998,
      "(-2, 1)": 0.008510702524796293,
      "(-1, -1)": 0.11078064147438049,
      "(-1, 0)": 0.22232817748552125,
      "(-1, 1)": 0.005771816897800058,
      "(0, -1)": 0.1112647038508625,
      "(0, 0)": 0.22827020672854728,
      "(0, 1)": 0.006476460119738688,
      "(1, -1)": 0.0035639184325820627,
      "(1, 0)": 0.0021819051210958044,
      "(1, 1)": 0.0003013161113011553,
      "(2, -1)": 0.0021583246820726866,
      "(2, 0)": 0.0043270231448796215,
      "(2, 1)": 0.00014634486616824083,
      "'FAIL'": 0.0
    },
    "(-2, 1)": {
      "(-2, -1)": 0.03620309450979874,
      "(-2, 0)": 0.09010313473185702,
      "(-2, 1)": 0.15235476437617515,
      "(-1, -1)": 0.04157284211579834,
      "(-1, 0)": 0.1421046049048462,
      "(-1, 1)": 0.18569652997830247,
      "(0, -1)": 0.03736460102039408,
      "(0, 0)": 0.12751394627892965,
      "(0, 1)": 0.17628322592065598,
      "(1, -1)": 0.0007182582559174273,
      "(1, 0)": 0.0007421585970958136,
      "(1, 1)": 0.0033217352759143163,
      "(2, -1)": 0.0009827504479358498,
      "(2, 0)": 0.0013711210802087542,
      "(2, 1)": 0.003667232506170268,
      "'FAIL'": 0.0
    },
    "(-1, -1)": {
      "(-2, -1)": 0.0059499691660050615,
      "(-2, 0)": 0.000342953153586816,
      "(-2, 1)": 1.1999322587423558e-05,
      "(-1, -1)": 0.34178008561658973,
      "(-1, 0)": 0.016560276809682653,
      "(-1, 1)": 0.0008372654818836694,
      "(0, -1)": 0.6019191816648019,
      "(0, 0)": 0.02792202491664829,
      "(0, 1)": 0.0009466315855200453,
      "(1, -1)": 0.0025413633982432206,
      "(1, 0)": 0.00018435747637363543,
      "(1, 1)": 8.566668693082442e-06,
      "(2, -1)": 0.000893181753326832,
      "(2, 0)": 9.76619779759911e-05,
      "(2, 1)": 4.48100808156857e-06,
      "'FAIL'": 0.0
    },
    "(-1, 0)": {
      "(-2, -1)": 0.0018797054948142954,
      "(-2, 0)": 0.003258007126138166,
      "(-2, 1)": 0.0001150865946478979,
      "(-1, -1)": 0.10745209160850377,
      "(-1, 0)": 0.2558497403228711,
      "(-1, 1)": 0.0071939123382565974,
      "(0, -1)": 0.20597595114026243,
      "(0, 0)": 0.40199288615629475,
      "(0, 1)": 0.011959869633701157,
      "(1, -1)": 0.0011648991617184293,
      "(1, 0)": 0.002053277060320334,
      "(1, 1)": 1.0926176235273198e-05,
      "(2, -1)": 0.0004766097577347758,
      "(2, 0)": 0.0005695140191284344,
      "(2, 1)": 4.7523409372492596e-05,
      "'FAIL'": 0.0
    },
    "(-1, 1)": {
      "(-2, -1)": 0.00038906363037469725,
      "(-2, 0)": 0.002176312793421756,
      "(-2, 1)": 0.00460351584589226,
      "(-1, -1)": 0.03804269909796783,
      "(-1, 0)": 0.12398713910634193,
      "(-1, 1)": 0.1844039932860348,
      "(0, -1)": 0.06975725231823351,
      "(0, 0)": 0.23780627998262632,
      "(0, 1)": 0.3354149029394625,
      "(1, -1)": 0.0003767506216432507,
      "(1, 0)": 0.0015150809247432466,
      "(1, 1)": 0.0006949018369738666,
      "(2, -1)": 0.00022136714854899302,
      "(2, 0)": 0.00033244051955646326,
      "(2, 1)": 0.00027829994817861123,
      "'FAIL'": 0.0
    },
    "(0, -1)": {
      "(-2, -1)": 0.0006907060925900647,
      "(-2, 0)": 3.960229444520474e-05,
      "(-2, 1)": 2.302720990489053e-06,
      "(-1, -1)": 0.012526819956088397,
      "(-1, 0)": 0.0004200708640355826,
      "(-1, 1)": 2.1045656346401212e-05,
      "(0, -1)": 0.7898950222216716,
      "(0, 0)": 0.04007537853136514,
      "(0, 1)": 0.0005442465038492014,
      "(1, -1)": 0.14773534052272724,
      "(1, 0)": 0.007190857560125541,
      "(1, 1)": 0.0002428517356399131,
      "(2, -1)": 0.0005762225115711187,
      "(2, 0)": 3.6783257811059654e-05,
      "(2, 1)": 2.7495707429614013e-06,
      "'FAIL'": 0.0
    },
    "(0, 0)": {
      "(-2, -1)": 0.00021412035862650205,
      "(-2, 0)": 0.00023444060564518094,
      "(-2, 1)": 3.0908274760967534e-05,
      "(-1, -1)": 0.003985190362168754,
      "(-1, 0)": 0.007985053465639753,
      "(-1, 1)": 0.00018199082478918878,
      "(0, -1)": 0.25334467896409285,
      "(0, 0)": 0.5757308849260425,
      "(0, 1)": 0.017240637547143212,
      "(1, -1)": 0.04399130189814695,
      "(1, 0)": 0.0925552460229393,
      "(1, 1)": 0.0039061064853007335,
      "(2, -1)": 0.00010118883575778581,
      "(2, 0)": 0.0004923352715965619,
      "(2, 1)": 5.91615734969068e-06,
      "'FAIL'": 0.0
    },
    "(0, 1)": {
      "(-2, -1)": 4.8620061691490714e-05,
      "(-2, 0)": 0.0002405300620832644,
      "(-2, 1)": 0.00046092475116191065,
      "(-1, -1)": 0.0017640434551535928,
      "(-1, 0)": 0.0023708466999130397,
      "(-1, 1)": 0.0049022157263360336,
      "(0, -1)": 0.1030635877192625,
      "(0, 0)": 0.31442616803843715,
      "(0, 1)": 0.42139267921787255,
      "(1, -1)": 0.017782020885457935,
      "(1, 0)": 0.059133373816629704,
      "(1, 1)": 0.07346439105908092,
      "(2, -1)": 0.00010136709690909721,
      "(2, 0)": 0.00021033280603618884,
      "(2, 1)": 0.0006388986039747506,
      "'FAIL'": 0.0
    },
    "(1, -1)": {
      "(-2, -1)": 0.0015291555780492297,
      "(-2, 0)": 1.7520745937761705e-05,
      "(-2, 1)": 3.5404927199545394e-06,
      "(-1, -1)": 0.001641427542810753,
      "(-1, 0)": 9.451417347355666e-05,
      "(-1, 1)": 7.855245102995485e-06,
      "(0, -1)": 0.33247609488256724,
      "(0, 0)": 0.012310937897832955,
      "(0, 1)": 0.0006873694970333609,
      "(1, -1)": 0.6204047945181269,
      "(1, 0)": 0.024210324806538234,
      "(1, 1)": 0.0016942762089239706,
      "(2, -1)": 0.00474753481462306,
      "(2, 0)": 0.00017007729327110676,
      "(2, 1)": 4.576302988935827e-06,
      "'FAIL'": 0.0
    },
    "(1, 0)": {
      "(-2, -1)": 0.0003803089580702799,
      "(-2, 0)": 0.0005813491619113906,
      "(-2, 1)": 2.0265369875593885e-05,
      "(-1, -1)": 0.0004213586456494838,
      "(-1, 0)": 0.0019622726942123488,
      "(-1, 1)": 5.005332653387906e-05,
      "(0, -1)": 0.10406911452757665,
      "(0, 0)": 0.23474781140825327,
      "(0, 1)": 0.007374333473697117,
      "(1, -1)": 0.19007390114972528,
      "(1, 0)": 0.44514505511219815,
      "(1, 1)": 0.013091561718426913,
      "(2, -1)": 0.0010915026128217758,
      "(2, 0)": 0.000924293732152371,
      "(2, 1)": 6.681810889547163e-05,
      "'FAIL'": 0.0
    },
    "(1, 1)": {
      "(-2, -1)": 6.379827877806965e-05,
      "(-2, 0)": 0.000250557690329171,
      "(-2, 1)": 0.00039747505708269057,
      "(-1, -1)": 3.1793950197845474e-05,
      "(-1, 0)": 0.00043972617205179185,
      "(-1, 1)": 0.0009846622700855694,
      "(0, -1)": 0.035506226009181734,
      "(0, 0)": 0.12516211926523732,
      "(0, 1)": 0.17778653109310041,
      "(1, -1)": 0.07088506320852411,
      "(1, 0)": 0.2562978281013011,
      "(1, 1)": 0.33012444710275834,
      "(2, -1)": 0.0005664301568327542,
      "(2, 0)": 0.0006747106197216981,
      "(2, 1)": 0.0008286310248172883,
      "'FAIL'": 0.0
    },
    "(2, -1)": {
      "(-2, -1)": 0.0033613007441278776,
      "(-2, 0)": 0.00027654979028222243,
      "(-2, 1)": 9.674274805827812e-06,
      "(-1, -1)": 0.0039001448638472367,
      "(-1, 0)": 0.000102381250158474,
      "(-1, 1)": 6.274413825778021e-06,
      "(0, -1)": 0.2184003390944781,
      "(0, 0)": 0.006746564004625353,
      "(0, 1)": 0.0004289814979795164,